Barcode,region_cluster
AAACAAGTATCTCCCA-1,5
AAACAGAGCGACTCCT-1,17
AAACCGGGTAGGTACC-1,9
AAACCGTTCGTCCAGG-1,6
AAACCTAAGCAGCCGG-1,1
AAACCTCATGAAGTTG-1,9
AAACGAGACGGTTGAT-1,8
AAACTCGTGATATAAG-1,3
AAACTGCTGGCTCCAA-1,13
AAACTTGCAAACGTAT-1,16
AAAGACTGGGCGCTTT-1,4
AAAGCTTGCCTACATA-1,2
AAAGGCTCTCGCGCCG-1,21
AAAGGGATGTAGCAAG-1,12
AAAGGGCAGCTTGAAT-1,11
AAAGTAGCATTGCTCA-1,6
AAAGTCGACCCTCAGT-1,9
AAAGTGTGATTTATCT-1,5
AAAGTTGACTCCCGTA-1,5
AAATAACCATACGGGA-1,4
AAATAAGGTAGTGCCC-1,0
AAATACCTATAAGCAT-1,13
AAATAGCTTAGACTTT-1,27
AAATAGGGTGCTATTG-1,1
AAATCCGATACACGCC-1,28
AAATCGTGTACCACAA-1,0
AAATCTAGCCCTGCTA-1,1
AAATGATTCGATCAGC-1,2
AAATGGCATGTCTTGT-1,4
AAATGGCCCGTGCCCT-1,9
AAATGGTCAATGTGCC-1,12
AAATTAACGGGTAGCT-1,0
AAATTACACGACTCTG-1,17
AAATTACCTATCGATG-1,26
AAATTCCAGGTCCAAA-1,27
AAATTGATAGTCCTTT-1,9
AAATTTGCGGGTGTGG-1,6
AACAACTGGTAGTTGC-1,12
AACAATTACTCTACGC-1,2
AACACACGCTCGCCGC-1,1
AACACGAGACGCGGCC-1,9
AACAGGAAATCGAATA-1,17
AACAGGATGGGCCGCG-1,3
AACATATCAACTGGTG-1,26
AACATCGATACGTCTA-1,4
AACCAAGACTTCTCTG-1,9
AACCCAGAGACGGAGA-1,4
AACCCTACTGTCAATA-1,5
AACCGAGCTTGGTCAT-1,12
AACCGCTAAGGGATGC-1,8
AACCGTTGTGTTTGCT-1,4
AACCTCGCTTTAGCCC-1,28
AACCTTTAAATACGGT-1,0
AACCTTTACGACGTCT-1,11
AACGATAATGCCGTAG-1,1
AACGATAGAAGGGCCG-1,17
AACGATATGTCAACTG-1,0
AACGCATGATCTGGGT-1,3
AACGCGGTCTCCAGCC-1,0
AACGCTGTTGCTGAAA-1,1
AACGGACGTACGTATA-1,24
AACGGCCATCTCCGGT-1,6
AACGTACTGTGGGTAC-1,6
AACGTCAGACTAGTGG-1,3
AACGTGCGAAAGTCTC-1,8
AACTAGGCTTGGGTGT-1,21
AACTCAAGTTAATTGC-1,12
AACTCCAGAGCGTGTT-1,1
AACTCCTAATCCCATG-1,7
AACTCTCAATAGAGCG-1,19
AACTCTCAGTGTGCTC-1,21
AACTGATATTAGGCCT-1,11
AACTGGGTCCCGACGT-1,3
AACTTGCCCGTATGCA-1,2
AAGAAATCACCAGATT-1,4
AAGACTGCAAGCTACT-1,8
AAGAGATGAATCGGTA-1,11
AAGAGCTCTTTATCGG-1,8
AAGAGGATGTACGCGA-1,6
AAGAGGCATGGATCGC-1,8
AAGATGGCACCGGACC-1,15
AAGATTGGCGGAACGT-1,10
AAGCACCCTGCGTATC-1,13
AAGCATACTCTCCTGA-1,29
AAGCCGAAGCGGTTTA-1,5
AAGCCGCTTTACCTTG-1,4
AAGCGTCCCTCATCGA-1,9
AAGCTAGATCGAGTAA-1,29
AAGCTCGTGCCAAGTC-1,8
AAGCTCTTTCATGGTG-1,1
AAGGAGCGGTTGGTGC-1,12
AAGGATCGATCGCTTG-1,13
AAGGATGAGGGACCTC-1,10
AAGGCGCGTAAAGCTT-1,3
AAGGCTGTGCTCATCG-1,12
AAGGGACAGATTCTGT-1,26
AAGGTGATAAACCAGC-1,8
AAGTAGAAGACCGGGT-1,2
AAGTAGTGACGCGAGG-1,12
AAGTCAATTGTCGTCA-1,5
AAGTGACGACCGAATT-1,18
AAGTGCCTTGACTGTA-1,5
AAGTGCGTTAGAATCT-1,6
AAGTGTTTGGAGACGG-1,13
AAGTTCACTCCAAGCT-1,1
AAGTTCAGTCTGCGTA-1,2
AAGTTCGGCCAACAGG-1,6
AATAACAACGCTCGGC-1,18
AATAACACTAGAACAA-1,6
AATACAATGTTTCAGG-1,4
AATAGAACAGAGTGGC-1,21
AATAGAATCTGTTTCA-1,8
AATAGCTACCGCGTGC-1,2
AATAGTCCGTCCCGAC-1,16
AATATCGAGGGTTCTC-1,26
AATATTGGAGTATTGA-1,2
AATCATGTAAAGACTC-1,1
AATCCAAGGGCCTGAG-1,7
AATCGCCTCAGCGCCA-1,8
AATCGCGCAGAGGACT-1,5
AATCGTGAGCCGAGCA-1,1
AATCTATGCCGGAGCC-1,0
AATCTGCGTTGGGACG-1,8
AATGACAGCAATGTCT-1,6
AATGACGTAGGATGTC-1,8
AATGACTGTCAGCCGG-1,3
AATGATGATACGCTAT-1,18
AATGATGCGACTCCTG-1,10
AATGCAACCGGGTACC-1,12
AATGCACCAAGCAATG-1,2
AATGGTCCACCGTTCA-1,7
AATGGTTCTCACAAGC-1,17
AATGTGCCCGAGGTGT-1,9
AATTAAAGGTCGGCGT-1,13
AATTAACGGATTTCCA-1,15
AATTAGCGCTGCAGCG-1,0
AATTCATAAGGGATCT-1,0
AATTCTAGAGTTAGGC-1,0
AATTGAACGCTCTGGT-1,8
AATTTGGGACATAGTA-1,4
AATTTGGTTCCAAAGA-1,7
ACAAATCGCACCGAAT-1,13
ACAAATGGTAGTGTTT-1,8
ACAACAGCATGAGCTA-1,22
ACAACGGTCCCTGCGA-1,11
ACAAGCAGTGCCTAGC-1,2
ACAAGGAAATCCGCCC-1,13
ACAAGGACAAGAGGTT-1,12
ACAAGGATGCTTTAGG-1,28
ACAAGGGCAGGCTCTG-1,8
ACAATAGTCGTACGTT-1,9
ACAATCCATTTAAACC-1,12
ACAATGAATACGGAGA-1,9
ACAATTGTGTCTCTTT-1,1
ACAATTTGAGCAGTGG-1,0
ACACAAAGACGGGTGG-1,12
ACACACCAGGACCAGT-1,8
ACACACTTTCTACACG-1,17
ACACCACATAATTAGC-1,0
ACACCCAGCATGCAGC-1,18
ACACCCGAGAAATCCG-1,17
ACACCTTAAGTAGGGC-1,3
ACACCTTACTACTTGC-1,5
ACACGAGACTCCTTCT-1,22
ACACGGGAACTTAGGG-1,12
ACACTGATCAAGGTGT-1,21
ACAGAACTGAGAACAA-1,9
ACAGGCTTGCCCGACT-1,1
ACAGGTGGAGGTGAGG-1,6
ACAGTATACCGTGGGA-1,11
ACATAATAAGGCGGTG-1,3
ACATCAGCTGGGACGC-1,7
ACATCCCGGCCATACG-1,21
ACATCCTGGTAACTGT-1,5
ACATCGATCGTTTACC-1,22
ACATCGGTCAGCCGCG-1,6
ACATCGTATGCAATGG-1,8
ACATGGCGCCAAAGTA-1,13
ACATTAGTTTATATCC-1,0
ACCAAACACCCAGCGA-1,4
ACCAACACCACACACT-1,2
ACCAACGCTTATTTAT-1,21
ACCAAGAACGCGTGTC-1,11
ACCAATATGCAAGTTA-1,1
ACCACAAGTTTCTATC-1,12
ACCACCAATGTAACAA-1,5
ACCACCCTCTCTTCTA-1,2
ACCACGTGCAGCTATA-1,13
ACCAGTGCGGGAGACG-1,8
ACCATATCCGCAATAA-1,0
ACCATCGTATATGGTA-1,14
ACCCAACGCCCGTGGC-1,5
ACCCACCTACATGCTC-1,11
ACCCATCTTGAGGGTA-1,12
ACCCGGAAACTCCCAG-1,21
ACCCGGATGACGCATC-1,5
ACCCGGTTACACTTCC-1,0
ACCCGTGTCATCAGTA-1,9
ACCCTATGCCATATCG-1,9
ACCCTCCCTTGCTATT-1,5
ACCCTGGTAACGCCCT-1,2
ACCCTTCATCTGCGAA-1,4
ACCGACTGAGTCCCAC-1,12
ACCGATGGTAGCATCG-1,8
ACCGCAATAACTGCCT-1,13
ACCGCGGTGGAAGTCG-1,5
ACCGGGCCTTTGTTGA-1,5
ACCTAAGTACCTTTCA-1,6
ACCTAATCGACTTCCT-1,18
ACCTACAGTATGTGGT-1,5
ACCTCCGTTATTCACC-1,23
ACCTGCGTGTCATGTT-1,9
ACGAAATGGGCGGCAC-1,2
ACGAGGATACCACTCT-1,7
ACGAGTACGGATGCCC-1,26
ACGATACATAGAACTA-1,18
ACGATCATACATAGAG-1,12
ACGATCATCTTGTAAA-1,5
ACGATGCATATGTTAT-1,12
ACGCAATCACTACAGC-1,0
ACGCATTCGTGAGTAC-1,22
ACGCCAGATGATTTCT-1,2
ACGCCGCTAGACGACC-1,19
ACGCGAAGTCAGACGA-1,0
ACGCGCTACACAGGGT-1,6
ACGCGGGCCAAGGACA-1,22
ACGCTAGTGATACACT-1,10
ACGCTGTGAGGCGTAG-1,9
ACGGACTCTCAAAGCG-1,1
ACGGAGCGCAAATTAC-1,11
ACGGATGGTGCGGATA-1,1
ACGGCACTTGCTTGGG-1,14
ACGGCCAACATGGACT-1,21
ACGGCGACGATGGGAA-1,13
ACGGGAGTGTCGGCCC-1,6
ACGGGCGTATGCGACA-1,2
ACGTAGATTGCTGATG-1,22
ACGTATTACTCCGATC-1,5
ACGTGCGCCTCGTGCA-1,2
ACGTTAATGTCGAAGA-1,8
ACGTTAGATTTGCCCG-1,12
ACGTTCGCAATCAATT-1,10
ACGTTTAGTTGTGATC-1,17
ACTACCAGCTCTCTGG-1,3
ACTAGTTGCGATCGTC-1,5
ACTATATGCTGTGTTC-1,7
ACTATCCAGGGCATGG-1,27
ACTATTCGTCCGTGGT-1,17
ACTATTTCCGGGCCCA-1,15
ACTCAAGTGCAAGGCT-1,28
ACTCAATAAAGGCACG-1,12
ACTCCCATTCCTAAAG-1,9
ACTCCCGAATTCGTTT-1,23
ACTCCCGTAGACTAGG-1,11
ACTCCCTAATGCTAAA-1,1
ACTCCCTAGAATAGTA-1,13
ACTCGTAACCCGTCCT-1,9
ACTCGTCAGTAATCCC-1,8
ACTCTCTGACTTAGGT-1,8
ACTCTTGTATAGTAAC-1,8
ACTGAAACGCCGTTAG-1,1
ACTGAATGGCGAAAGT-1,8
ACTGCCGTCGTAACTC-1,11
ACTGTACGATACACAT-1,0
ACTGTAGCACTTTGGA-1,18
ACTGTCCAGGATTATA-1,0
ACTGTCTTCTTTAGAA-1,0
ACTTACGCATCCACGC-1,1
ACTTATACTTACCCGG-1,5
ACTTATTAGGATCGGT-1,0
ACTTATTTATGTGCCA-1,8
ACTTCAGGCTGATCCC-1,13
ACTTCCATGCGGGACA-1,28
ACTTCGCCATACGCAC-1,30
ACTTGACTCCCTCTTT-1,8
ACTTGGGACCCGGTGG-1,12
ACTTTACCCTCATGAA-1,10
ACTTTCCTATAGCTTC-1,12
AGAACGTGGTACATTC-1,15
AGAAGAGCGCCGTTCC-1,20
AGAAGGTTGCCGAATT-1,14
AGAAGGTTGTAGGTCG-1,1
AGAAGTGATTCGTGAT-1,6
AGAATTATGGATTCGA-1,23
AGACCATGGGATACAA-1,17
AGACCCACCGCTGATC-1,29
AGACCCGCCCTCCTCG-1,12
AGACCGGGAAACCCTG-1,9
AGACGAAGTGCCGGTC-1,5
AGACGACGATGCCGCT-1,9
AGACTAGCCTTCCAGA-1,12
AGAGAACCGTCTAGGA-1,10
AGAGAAGGAGTACAAT-1,9
AGAGATCTCTAAAGCG-1,9
AGAGCAGTTATGAGAC-1,11
AGAGCGCTTGTAACGG-1,7
AGAGCGGGCTAATCAT-1,11
AGAGCGTACAAGCTCG-1,11
AGAGGCTTCGGAAACC-1,1
AGAGTAAACTTCACTA-1,5
AGAGTATAGTGTTACG-1,7
AGATAACTTCAGGGCC-1,12
AGATACCAGCACTTCA-1,7
AGATACCGGTGTTCAC-1,12
AGATACGACTTCATAT-1,7
AGATACTCAAGATCGA-1,8
AGATCGTGCATAAGAT-1,3
AGATCTCAGGTGTGAT-1,0
AGATGACTCGCCCACG-1,3
AGATGAGGGTTGCGAT-1,4
AGATGATGGAGTCTGG-1,23
AGATTATAGGACGTTT-1,13
AGCAAAGGCCGCTAGT-1,1
AGCAACATATCTTATT-1,5
AGCACCAGTACTCACG-1,12
AGCACTACCGGCCTGT-1,11
AGCACTACCTCACCAG-1,13
AGCACTTAAGGACGCC-1,12
AGCAGCCAGATGAATA-1,21
AGCATATCAATATGCT-1,1
AGCATCATTTCGAAAG-1,20
AGCATCGTCGATAATT-1,3
AGCCACAGGTTACCCG-1,28
AGCCACTCCCGTGCTT-1,0
AGCCCATACATGTAAG-1,18
AGCCCTAAGCGAAGTT-1,11
AGCCCTTCTAATCCGA-1,11
AGCCGTGGCTAAATGT-1,9
AGCGACAGGAACGGTC-1,6
AGCGACATCCCATTCA-1,2
AGCGACCAACGATATT-1,12
AGCGCATAATGAATCG-1,16
AGCGCGGGTGCCAATG-1,0
AGCGGTTGCCGCTCTG-1,2
AGCGTGGTATTCTACT-1,19
AGCTAAGTACGCAGGC-1,28
AGCTAGAAGCAGAAGT-1,3
AGCTATTTAATCCAAC-1,2
AGCTCCTTCGCACATC-1,13
AGCTCGTTGATGGAAA-1,7
AGCTCTAGACGTTCCA-1,8
AGCTCTTCCCAGTGCA-1,2
AGCTCTTCGTAACCTT-1,27
AGCTCTTTACTCAGTT-1,14
AGCTGAAGTAAACCAA-1,3
AGCTGTAACCTCAATC-1,9
AGCTTGATCTTAACTT-1,18
AGGACAGTCGAATCCC-1,8
AGGACATCGCACGTCG-1,4
AGGACGACCCATTAGA-1,14
AGGACGCTCGATGTTG-1,2
AGGAGACATCCACAGT-1,2
AGGAGGCCTTCGCGCG-1,1
AGGATAAAGTCGGGAT-1,0
AGGATATAGGGATTTA-1,8
AGGATCACGCGATCTG-1,20
AGGATTGCTTACGACA-1,10
AGGCAGATGCGTAAAC-1,0
AGGCAGGGAGCGTACT-1,15
AGGCATTGTCGTAGGG-1,5
AGGCCACCCGTTATGA-1,12
AGGCCCATTGTACAGG-1,17
AGGCCCTAGAACGCCA-1,9
AGGCCTGAGAATCTCG-1,28
AGGCGTCTATGGACGG-1,4
AGGCTATGGTTAGCTT-1,2
AGGCTTCCCGAAGAAG-1,6
AGGCTTGCTAGACACC-1,4
AGGGAAACGAGGTACT-1,4
AGGGACCGGCTGCGTT-1,27
AGGGACTCTACGCGAC-1,21
AGGGAGACATACTTCG-1,0
AGGGCGAGCAGCTGAT-1,9
AGGGCGTGATCGGCTA-1,17
AGGGCTGCAGTTACAG-1,8
AGGGTCAGTAACCCTA-1,7
AGGGTCGATGCGAACT-1,5
AGGGTGCTCTCGAGGG-1,8
AGGGTGGATAGTGCAT-1,15
AGGGTTCCCTTTGGTT-1,0
AGGGTTTAGTTCGGGA-1,22
AGGTACGATATTGCCA-1,4
AGGTAGGTACAAAGCT-1,12
AGGTATAATTGATAGT-1,10
AGGTCAGGTGAGAGTG-1,9
AGGTCGCGGAGTTACT-1,10
AGGTGTATCGCCATGA-1,9
AGGTTGAGGCACGCTT-1,18
AGGTTTCACACACCTT-1,8
AGTAATGTCTTGCCGC-1,11
AGTACATCATTTATCA-1,10
AGTACGGCCCGTATCG-1,15
AGTACTCTTATGCCCA-1,1
AGTAGGAAGGAAGTTG-1,11
AGTAGGTAACATACAT-1,4
AGTATAATACTAGGCA-1,3
AGTATTTGGCACGACC-1,9
AGTCAACACCACCATC-1,0
AGTCAAGATGACACTT-1,5
AGTCACTAGCTCTCGA-1,1
AGTCCATTGGCTGATG-1,5
AGTCCCGCCTTTAATT-1,2
AGTCGACGGTCTCAAG-1,8
AGTCGGCCCAAACGAC-1,3
AGTCGGCTCAACTTTA-1,9
AGTCGGTTGCGTGAGA-1,27
AGTCGTATAAAGCAGA-1,1
AGTCGTCGACCACCAA-1,1
AGTCGTGGGCATTACG-1,6
AGTCTAAAGTATACTC-1,0
AGTCTCACAAGACTAC-1,9
AGTCTTCTCCTCAAAT-1,12
AGTGAACAAACTTCTC-1,5
AGTGAAGATGGTGTCC-1,2
AGTGACCTACTTTACG-1,0
AGTGAGACTTCCAGTA-1,8
AGTGAGCCTCGCCGCC-1,10
AGTGATAACCTGCGCG-1,1
AGTGATATGAGTAGTT-1,14
AGTGATTCAAGCAGGA-1,8
AGTGCACGCTTAAGAA-1,1
AGTGCGTAGCTCGTAA-1,6
AGTGCTAAACACAGCA-1,28
AGTGCTTGCACGAATA-1,8
AGTGGCGGCAATTTGA-1,0
AGTGGCGTCTGAAGGT-1,28
AGTGGCTCCGTCGGCC-1,15
AGTGTATTGCGCATTG-1,2
AGTGTGGTCTATTGTG-1,4
AGTTAAACACTTGCGA-1,0
AGTTAAGCGGTCCCGG-1,11
AGTTAAGTCAACCGCT-1,6
AGTTACCGCACATGGT-1,7
AGTTACTCTATCGTGG-1,17
AGTTCCTACAGAATTA-1,12
AGTTCCTATTTATGTT-1,19
AGTTTATGTAAAGACA-1,2
AGTTTCGCAGGTCGGA-1,4
AGTTTGCACCTGCCTC-1,1
AGTTTGGCACGGGTTG-1,5
AGTTTGGCCAGACCTA-1,6
ATAAACGGACCCGTAA-1,0
ATAAAGGCTCGGTCGT-1,12
ATAAATATTAGCAGCT-1,18
ATAACGCCGGAGGGTC-1,8
ATAACGGAGTCCAACG-1,12
ATAAGGTGGAGAACAT-1,13
ATAAGTAGGATTCAGA-1,26
ATAAGTAGGGCGACTC-1,27
ATAAGTTACCGCGACG-1,0
ATAATAGCTGTTGAAT-1,29
ATAATAGTGTAGGGAC-1,4
ATAATCTTGGAGAACC-1,28
ATACAGGCCCTCCAAT-1,1
ATACCACGGGCAACTT-1,18
ATACCGTCATCCATAA-1,7
ATACCTAACCAAGAAA-1,15
ATACGCCGGCGAAACC-1,8
ATACGGAACGTCGTTT-1,20
ATACGGGTTTCGATTG-1,18
ATACGGTGAAGATGCA-1,15
ATACGTACTTAGCCAC-1,1
ATACGTCCACTCCTGT-1,8
ATACTAGCATGACCCT-1,3
ATACTGCCTTACACCG-1,1
ATAGACAACGGGACCT-1,26
ATAGACGAAGAGAAAG-1,12
ATAGAGTACTGGGACA-1,12
ATAGAGTTATCAACTT-1,26
ATAGGCGGCTATAGAA-1,6
ATAGGCTAGCTTCGCA-1,10
ATAGGGATATCCTTGA-1,3
ATAGGTTGGGCAGATG-1,0
ATAGTGAAGCGTTCTC-1,0
ATAGTTCCACCCACTC-1,13
ATATAAAGCGCTCGTG-1,15
ATATAAATGTAGCTGC-1,1
ATATCAACCTACAGAG-1,27
ATATCGGTAGGGAGAT-1,27
ATATCGTTCCTCGAAC-1,1
ATATCTCCCTCGTTAA-1,3
ATATCTTAGGGCCTTC-1,22
ATATGTCTCCCTAGCC-1,5
ATATTCAGTTAAACCT-1,14
ATATTCCACATAGTGA-1,13
ATATTGCTGTCAAAGT-1,4
ATATTTAACCCTCAAG-1,12
ATCAAACACTGTTCCA-1,5
ATCAAACGAAGGTTTG-1,6
ATCAATCTGGGCTGCA-1,22
ATCACATTAGAATATC-1,3
ATCACGTGCTAATTAA-1,6
ATCACTTCATCCTCGC-1,3
ATCAGACGGCACGCCG-1,14
ATCAGCCTCATGCTGC-1,13
ATCAGCTCGTCCACTA-1,9
ATCAGTAGGCAGGGAT-1,0
ATCATCCAATATTTGT-1,0
ATCCAACGCAGTCATA-1,3
ATCCAATGGAGGGTCC-1,9
ATCCACATCGACAGAA-1,15
ATCCAGAGCAACAACC-1,14
ATCCAGGATTCGTGAA-1,13
ATCCTACCTAAGCTCT-1,14
ATCCTGAATCGCTGCG-1,18
ATCCTGCGTGGAATGG-1,14
ATCGACCCAATACAGA-1,22
ATCGACTCTTTCCGTT-1,18
ATCGCACGCCGGGAGA-1,12
ATCGCCAGTCAACATT-1,5
ATCGCTGCGTGCAGCA-1,3
ATCGGAGACAGACGGC-1,1
ATCGGCAAGCAGTCCA-1,3
ATCGTTAGCTAGCGGA-1,1
ATCTAATATCCTACGG-1,0
ATCTCCCTGCAATCTA-1,11
ATCTGCACCTCTGCGA-1,10
ATCTGGTTAAGACTGT-1,15
ATCTGTAATTGTACCC-1,17
ATCTTGACCTGCAACG-1,12
ATCTTGACTTGTCCAA-1,10
ATCTTTCGTATAACCA-1,2
ATGAAGCCAAGGAGCC-1,3
ATGACGCCGGCTCTAA-1,11
ATGACGCGTTCTATCC-1,9
ATGACTATGCGACATT-1,8
ATGAGGAGTGTTAATC-1,3
ATGATCGGGAATAGAC-1,17
ATGATGCAATGGTACA-1,0
ATGCACTACCGCATTG-1,12
ATGCATGATCCAGGAT-1,12
ATGCCAATCGCTCTGC-1,4
ATGCCATTTGCGACCA-1,5
ATGCCGGTCTTGCATA-1,22
ATGCCGGTTGATGGGA-1,3
ATGCGACAGTCCCATT-1,8
ATGCGAGTCCCACCAC-1,5
ATGCTCAGTGTTGCAT-1,17
ATGCTCTGGCGCGGTA-1,13
ATGGAGCAGGCCGTGA-1,8
ATGGATCCGGCGTCCG-1,3
ATGGATTGACCAAACG-1,12
ATGGGCCTCGGCCTCT-1,8
ATGGTCGCGTGGTTTC-1,8
ATGTAAGGCTGCTCTT-1,10
ATGTGAAAGCCTAATG-1,9
ATGTGCATCCGACGCA-1,18
ATGTGGACATCTTGAT-1,13
ATGTTCGTCGACCCAC-1,9
ATTAAACATGCGGACC-1,0
ATTAATACTACGCGGG-1,18
ATTAATGAACCAGTCG-1,0
ATTAATTCGGTCACTC-1,17
ATTACGACTCCACAGT-1,11
ATTACGCGCTGGCAGG-1,6
ATTACTAGCCTCTTGC-1,17
ATTACTTACTGGGCAT-1,3
ATTAGATTCCTCAGCA-1,10
ATTAGATTGATAGCGG-1,2
ATTAGGCGATGCTTTC-1,8
ATTATACTTTGCTCGT-1,2
ATTATAGCTACTTTAC-1,10
ATTATGCCATAGGGAG-1,3
ATTATTATGTCCGTCA-1,15
ATTCACTGATGTTGGA-1,14
ATTCAGGACCTATTTC-1,3
ATTCAGTAGCAGGGTC-1,11
ATTCATATACTGTCCA-1,0
ATTCATCGTTGAGGCA-1,28
ATTCCCACATAAACAA-1,11
ATTCCTAAGACGTGGA-1,4
ATTCCTCCGCCAGTGC-1,3
ATTCGACGCCGGGCCT-1,18
ATTCGTGCTATCTCTT-1,5
ATTGAAGATCTTAGTG-1,12
ATTGACCGGCGATGAC-1,2
ATTGATGAGTCCTAAC-1,23
ATTGCCTTTATGTTTG-1,28
ATTGCGATCAGTAACT-1,1
ATTGCTGCTCCTCCAT-1,12
ATTGGGAATATCTTGG-1,7
ATTGTACAACTCGGCT-1,23
ATTGTCGCAATACCTT-1,17
ATTTAACTCGTATTAC-1,17
ATTTACAGTTTACTGG-1,12
ATTTACTAAGTCCATT-1,10
ATTTCATTATTTCGCG-1,17
ATTTCCGGGTTCTGCG-1,6
ATTTGCGCGAGTAGCT-1,9
ATTTGTCTTGGGAGCT-1,8
ATTTGTTCCAGGGCTC-1,3
CAAACGAGTATCGCAG-1,14
CAAACGGTCGCACTTT-1,12
CAAACTACGATAGAGA-1,4
CAAACTATTGAGCTTC-1,7
CAAACTCGCGACGCCG-1,5
CAAAGATTATTGGGCC-1,9
CAAATCTCTCACAAGG-1,9
CAAATGTCCTTCCGTG-1,0
CAAATTGGATTATGCC-1,2
CAAATTGTCAGCAAGC-1,4
CAACCTGAACCTGCCA-1,2
CAACGACCCGTTTACA-1,3
CAACGGTTCTTGATAC-1,17
CAACTATATCGAATGC-1,17
CAACTCCTTGATCCCG-1,11
CAACTGCTCATCCGAT-1,21
CAAGAGGGCGGAGTAC-1,8
CAAGATATTATAACGT-1,8
CAAGCAACGTCGGAGT-1,12
CAAGCACCAAATGCCT-1,3
CAAGCGGCACATAATT-1,29
CAAGGATCGCATGTTC-1,8
CAAGGTCCTATAGGCT-1,23
CAAGTGTGGTTGCAAA-1,5
CAATAAACCTTGGCCC-1,12
CAATATTCTTGACCTA-1,9
CAATCCCTATACCAGC-1,7
CAATGAGGTTCGACTA-1,2
CAATGCGAGAAGTATC-1,13
CAATGGATCTCTACCA-1,0
CAATTAAGGGTGATGA-1,12
CAATTTCGTATAAGGG-1,8
CACAAGAAAGATATTA-1,7
CACAATGAGCTGCTAT-1,13
CACACAGGGATAGATT-1,11
CACACGCGCTGTCTTA-1,19
CACAGCACCCACGGCA-1,0
CACAGCTAGGGAGTGA-1,3
CACAGGGCCATATAGT-1,1
CACATATTAGCAGGAT-1,13
CACATCTCACCGACGA-1,1
CACATGATTCAGCAAC-1,8
CACATTCTTTCGATGG-1,2
CACATTTCTTGTCAGA-1,5
CACCATCGGAGGAGAC-1,7
CACCCAAATCTTATGT-1,23
CACCCACACGTCACCC-1,17
CACCCACGAGGCAATT-1,3
CACCCGGTTTGTGACT-1,9
CACCCTAACAAGATCT-1,1
CACCCTTGGTGAGACC-1,9
CACCGATACACCGAGC-1,7
CACCGCCAGAAGGTTT-1,12
CACCGCGTCCACTCTA-1,4
CACCGTATCCCATCCG-1,5
CACCGTTAGGGATCAC-1,6
CACCGTTGCGCGATAT-1,6
CACCTAATAGAGTCGT-1,7
CACCTAATCAGTTTAC-1,3
CACCTCGATGGTGGAC-1,3
CACCTTGCGAAACTCG-1,30
CACCTTGGCGCCTTTG-1,5
CACGAAAGTTAGTCCC-1,18
CACGCACAGCGCAGCT-1,12
CACGCAGCGAGGCTTT-1,12
CACGCGGAACTGTTGC-1,5
CACGGACGTGGATGGC-1,11
CACGGCGCGCCAAAGG-1,4
CACGGGATTGAGGGTT-1,15
CACGTCGGCAACCTCT-1,6
CACGTTCGTGCTCTAG-1,8
CACGTTTCGTACACAC-1,1
CACTAAAGTTGCCTAT-1,0
CACTCAAGAGCTATGG-1,0
CACTCAGCTCTTGAGG-1,7
CACTCCTATGTAAGAT-1,9
CACTCCTCTCGGTCGG-1,17
CACTCGAGCTGAACAA-1,13
CACTCGGTTAGGAGGA-1,20
CACTGTCCAAGTGAGA-1,2
CACTTAATCAGACGGA-1,12
CACTTCGCCACAGGCT-1,17
CAGAACTTAGCCCTCT-1,13
CAGACACCGATCGCTG-1,21
CAGACCTGTAAGTGTT-1,10
CAGACGAACCTGATAC-1,14
CAGAGACGGTCACCCA-1,14
CAGAGCATGAGCTTGC-1,12
CAGAGGCGATGCATGA-1,21
CAGATACTAACATAGT-1,12
CAGATCATTTAAAGTC-1,3
CAGCAGCCCGTTCCTT-1,0
CAGCAGTCCAGACTAT-1,5
CAGCAGTCTGTGCTGC-1,1
CAGCCGGGCCCTCTAT-1,7
CAGCCTCCTGCAGAGG-1,0
CAGCCTCTCCTCAAGA-1,17
CAGCGATTCCCTTCAA-1,21
CAGCTCACTGAGACAT-1,0
CAGCTCGACAAGTTAA-1,26
CAGCTCGTGCTTGTGT-1,4
CAGCTGGCGTAACCGT-1,9
CAGCTTAGTAGGTAGC-1,18
CAGGAAGACTTTATAT-1,4
CAGGATATATCGTTGT-1,0
CAGGCAGTCTTACCAG-1,28
CAGGCCGTTTGGGTGT-1,12
CAGGCGCACGGTGGTC-1,9
CAGGCGCCATGCTAGG-1,13
CAGTAACTATTTATTG-1,2
CAGTAATCCCTCCCAG-1,4
CAGTACATTCTCTAAA-1,2
CAGTACCAGTTTACGT-1,9
CAGTAGCCCACGCGGT-1,0
CAGTCGAGGATGCAAT-1,10
CAGTCTGTATACTGGG-1,19
CAGTGAATAAATGACT-1,30
CAGTGTCCGCAGAATG-1,4
CAGTGTCGGCTGGCCC-1,1
CAGTTCAAATTGACAC-1,12
CAGTTCCGCGGGTCGA-1,11
CATAACGGACAGTCGT-1,8
CATAAGAAGCTTGGCT-1,1
CATAAGCTCTCCGTCT-1,9
CATACCCGTACCCAGT-1,6
CATACGGCGTCTGGGC-1,8
CATACTATGTAATTGT-1,13
CATAGCCGCCCGGGAT-1,11
CATAGCGTTGCCCACC-1,9
CATAGTACATTGAGAG-1,11
CATAGTAGCATAGTAG-1,2
CATAGTCCACAAGAAC-1,6
CATATACTACTGATAA-1,2
CATATAGGTACAGTCA-1,0
CATATGTCAGGCTACG-1,9
CATCAAACTGGCGCCC-1,7
CATCATCTACCCGGAC-1,7
CATCATTACCCTGAGG-1,1
CATCCTCTCAAAGATC-1,1
CATCGCCCGCGGCCAA-1,4
CATCGGACGGGTTAAT-1,0
CATCGTCCGGTTACTA-1,7
CATCTATCCCGTGTCT-1,2
CATCTTACACCACCTC-1,5
CATGACTTCGCTGAAT-1,0
CATGAGATGCACTCTC-1,28
CATGATGCACAATTCT-1,3
CATGATGGAAGTTAGC-1,5
CATGCCAACTCGCAAA-1,9
CATGCGACCAGTTTAA-1,26
CATGCGTTAGACAGAA-1,11
CATGCTGGCTCCAATT-1,4
CATGGCAGGAAGATCG-1,2
CATGGGTATGCCTTAT-1,13
CATGGGTCGGGTGTGG-1,3
CATGGTAAGTAGCGTT-1,8
CATGGTCTAGATACCG-1,12
CATGTAAGAGACATTT-1,1
CATGTAGGAGCGCCAA-1,4
CATGTCTCATTTATGG-1,5
CATTACATAGATTGTG-1,2
CATTACGTCGGCCCGT-1,3
CATTATGCTTGTTGTG-1,12
CATTCCCATTCCGTCG-1,0
CATTGATGAACACGCC-1,2
CATTGCGAAATGGGCG-1,15
CATTGCGGGTCAATTC-1,3
CATTTAGCGGACCATG-1,30
CATTTGAGTGGTACGT-1,14
CCAAACAGAACCCTCG-1,3
CCAACGATGCACTGAT-1,12
CCAACGCTTGCCAGGG-1,7
CCAAGAAAGTGGGCGA-1,21
CCAAGACTTCTGCGAA-1,3
CCAAGCGTAACTCGTA-1,22
CCAAGGAACAGAGAGG-1,4
CCAATAGTGCCGTCGA-1,12
CCAATCGGTAGATCGA-1,17
CCAATGTCACAGCAAG-1,13
CCAATTACGGGTCGAG-1,3
CCAATTGAATGTTAAT-1,2
CCACAATGTACGTCTT-1,0
CCACACTGAGATATTA-1,13
CCACAGTACCCATCCT-1,8
CCACCAACTTTACTGT-1,21
CCACCCAAGGAAAGTG-1,8
CCACGAATTTAACCTC-1,27
CCACGAGAAGAGAATC-1,2
CCACGGAGCCATAAGA-1,6
CCACGGTGCCCGGTAG-1,10
CCACTATCCGGGTCAC-1,0
CCACTGGTGGCTGGTT-1,20
CCAGAAAGCAACTCAT-1,6
CCAGAGACAAAGCCGG-1,4
CCAGATAGTTGAGTGA-1,0
CCAGATGTAAATGGGT-1,7
CCAGCCTGGACCAATA-1,8
CCAGCTGATGGTACTT-1,2
CCAGCTTCCGCCCGCA-1,11
CCAGGGACGTGGCCTC-1,12
CCAGTAGTCTGATCCA-1,26
CCAGTCTAGACGGCGC-1,15
CCATAAACAACCCGAC-1,17
CCATACCTTTACTTGT-1,10
CCATAGGTTGGCGTGG-1,3
CCATATGGAAACTATA-1,5
CCATCGCAGTTAAACT-1,0
CCATCTCACCAGTGAA-1,5
CCATGCCCTAGATTTC-1,1
CCATGCCTGTTTAGTA-1,13
CCATGCTCTGCAGGAA-1,2
CCATGGCCCTTGTACC-1,2
CCATTAGCGATAATCC-1,12
CCATTCCCTGCCCACA-1,12
CCATTGTTTCCTCCAT-1,9
CCATTTCTACCTATTA-1,29
CCCAAACATGCTGCTC-1,19
CCCAACATACGTCGCG-1,6
CCCAATTTCACAACTT-1,6
CCCAGAGGAGGGCGTA-1,2
CCCAGTTAAGGCGCCG-1,19
CCCGACCATAGTCCGC-1,3
CCCGAGTTTCTCCGTA-1,5
CCCGCAGCGCGAACTA-1,29
CCCGCAGGGCCCAAAG-1,7
CCCGCCATGCTCCCGT-1,11
CCCGCGCAATGCACCC-1,7
CCCGGTGGAAGAACCT-1,17
CCCGTAAGTCTAGGCC-1,18
CCCGTAGCTGGGAAGA-1,9
CCCGTCAGCGTCTGAC-1,3
CCCTCATTCTGGAATT-1,17
CCCTCCTCGCTCGTAT-1,5
CCCTGAAATGAGTTGA-1,12
CCCTGACTAACAAATT-1,15
CCCTGCCCAATCCGCT-1,9
CCCTGCGCTACGCATA-1,2
CCCTTTGACAGGTCTT-1,14
CCGAAAGTGGTGAGCA-1,7
CCGAACACTGGGCCTC-1,9
CCGAACCTTCCCGGCC-1,13
CCGAAGTATATTGTTC-1,4
CCGACAAAGGGAGTGC-1,2
CCGACGGGCATGAGGT-1,9
CCGACGTAAACACAAC-1,4
CCGAGCTGTGCTTGTC-1,11
CCGATCTCAACCTTAT-1,0
CCGATTCGAGGGACCC-1,20
CCGCACAAAGACCAAC-1,8
CCGCACGTGACCTCGG-1,2
CCGCATGTGGTACGAT-1,21
CCGCCGGTCAACACAC-1,4
CCGCCTGCGAATTGGT-1,17
CCGCGGAATGCGTCAC-1,6
CCGCGGGTACGAAGAA-1,2
CCGCGTAGGTAAGGGC-1,2
CCGCTATCAGCACCAG-1,0
CCGCTTACCTCACTCT-1,6
CCGCTTGCTGACATGG-1,3
CCGGAATGGTTTCAGT-1,2
CCGGAGCGTACTTTCT-1,15
CCGGAGGTCTTATGGT-1,4
CCGGCACGACCGTTTC-1,10
CCGGCGCATATTGGAT-1,17
CCGGGACCCGCAGAGA-1,17
CCGGGCGGTCTCGTCA-1,19
CCGGGCTGCTCCATAC-1,8
CCGGGTTCGAGGTTAC-1,6
CCGGTTTGTAATTGTG-1,9
CCGTAAGTTGGTCCCA-1,8
CCGTAGGAAATCCCTG-1,1
CCGTATCTCGTCGTAG-1,9
CCGTATTAGCGCAGTT-1,11
CCGTGGAACGATCCAA-1,18
CCGTGTTAAATTCCAT-1,6
CCGTTACGTTAGAACA-1,3
CCGTTCCGAATCTCGG-1,9
CCTAAAGGCTGACGCT-1,4
CCTAAATTAACGGTTC-1,19
CCTAACCCAAACAAGT-1,5
CCTAACTAAGGCTCTA-1,3
CCTACATTCACAGACG-1,6
CCTACGGCTCAGTCGA-1,4
CCTACTGCTTACACTT-1,12
CCTAGGCGTAGCGATC-1,8
CCTAGTTAGTCGCATG-1,4
CCTATAATGAGTGCCC-1,1
CCTATACCGTCCTGTC-1,9
CCTATCTATATCGGAA-1,3
CCTATGAAGTGGTGCC-1,27
CCTATGGGTTACCGTC-1,0
CCTATGTCCACTCCAC-1,28
CCTCACCAATCTTGAC-1,4
CCTCACCTGAGGGAGC-1,10
CCTCACCTTAGCATCG-1,26
CCTCCGACAATTCAAG-1,12
CCTCGAAGTGGACGGG-1,11
CCTCGCCAGCAAATTA-1,3
CCTCGCGCGATATAGG-1,3
CCTCGCGCTGTGCGAT-1,21
CCTCGGACCGGGATAG-1,8
CCTCGGATGCTACCTG-1,15
CCTCTAATCTGCCAAG-1,0
CCTCTATCGATTAGCA-1,9
CCTCTCTCCCATCTAG-1,12
CCTCTGGCCTAGACGG-1,11
CCTCTGTACTATTCTA-1,21
CCTGAACGATATATTC-1,8
CCTGAATATTTACATA-1,0
CCTGACCACCGATGGT-1,0
CCTGCGTTCTACGCTT-1,9
CCTGCTATTTGAGAAG-1,12
CCTGGCTAGACCCGCC-1,12
CCTGGTCGAATGTGGG-1,15
CCTGTAAGACATGATA-1,12
CCTGTACTCACGCCCA-1,6
CCTGTCACCCGGGCTC-1,15
CCTGTCCCTCACGTTA-1,27
CCTGTCGCCCGTAAAT-1,22
CCTGTTTGAAGACACG-1,1
CCTTCTCAGCGTTCCT-1,20
CCTTCTTGATCCAGTG-1,3
CCTTTAAGGGAGCACT-1,9
CCTTTCAATGAAGAAA-1,10
CGAAACATAGATGGCA-1,7
CGAAACGCAATTCATG-1,6
CGAACAGTATGGGCGT-1,5
CGAACCCGCATGCGTC-1,14
CGAACGCCCAGTGCCG-1,17
CGAACGGCCGGACAAC-1,15
CGAAGCTATAAATTCA-1,2
CGAAGTTGCTCTGTGT-1,12
CGACAATTTGATCTAA-1,5
CGACACGCTCCGACAG-1,8
CGACAGTTCGCGTTAT-1,12
CGACTCAGGATGTTAT-1,0
CGACTTTGTATAGCCT-1,23
CGAGACCCTAGAGTGT-1,0
CGAGAGATGTGAACCT-1,0
CGAGAGCTTTCACTAC-1,28
CGAGCACTTCAAGTTT-1,17
CGAGCTGGGCTTTAGG-1,2
CGAGGAGCTTCCATAT-1,3
CGAGGATCGGGAACGA-1,2
CGAGGCTAAATATGGC-1,0
CGAGGGACTGCGGTCG-1,8
CGAGTACTAAAGAGGA-1,6
CGAGTGAAGGTACCAG-1,9
CGAGTTCTGTCCCACC-1,0
CGAGTTTATCGGACTG-1,5
CGATACCTCGCGGACA-1,13
CGATAGTCGTACTGCA-1,28
CGATCCGACCCAGTGC-1,13
CGATCTGTTGGAGGAC-1,9
CGATGGACCCTACGCC-1,3
CGATTAAATATCTCCT-1,21
CGATTCGCCTGGCTGC-1,1
CGCAAACACGAGTTAC-1,18
CGCAATTACTTTCGGT-1,11
CGCAATTAGGGTAATA-1,12
CGCAATTCTACAATAA-1,2
CGCACATGTCCACTAC-1,8
CGCACGTGCGCTATCA-1,5
CGCAGATCTTCACCCG-1,3
CGCAGGCGATCCAAAC-1,1
CGCATCCATCAGCCAG-1,2
CGCATGGTGCGATGCT-1,8
CGCATTAGCTAATAGG-1,12
CGCCAAGAAGCCGAGT-1,9
CGCCATCCGATTATGA-1,15
CGCCCAGCACGCCTAG-1,15
CGCCCAGCGTTTCACG-1,28
CGCCCGCTTCCGTACA-1,2
CGCCCTTGAAGGCTGA-1,4
CGCCGCCCATGCCTGT-1,8
CGCCTCCCTCCTCTAT-1,8
CGCCTGGCCTACGTAA-1,18
CGCGACCGCGACAGAT-1,28
CGCGAGAGGGACTTGT-1,4
CGCGAGTCTGCCGGGT-1,9
CGCGCAAATGTCCAGA-1,20
CGCGCATGTTTGATTG-1,14
CGCGCCCGACTTAATA-1,3
CGCGGCTCAACTTGAA-1,5
CGCGGGAATTAGGCAG-1,0
CGCGGTAAGTCTAGCT-1,0
CGCGGTCACAAACCAA-1,11
CGCGTTCATGAAATAC-1,12
CGCTACGGGACATTTA-1,13
CGCTAGAGACCGCTGC-1,5
CGCTATACCGCCCACT-1,7
CGCTATTCAATGTATG-1,4
CGCTATTCTTAGGCTC-1,22
CGCTCGACATAATGAT-1,3
CGCTCTCCGTAGATTA-1,12
CGCTGGTGACTACCCT-1,5
CGCTGTGACGCCGCAC-1,18
CGCTGTGTGGATGTTG-1,15
CGCTTATTCCCGGTCG-1,6
CGCTTCCACTGAAATC-1,17
CGCTTTCATACCGGTG-1,17
CGCTTTCTTGCATTCG-1,8
CGGAAAGAATCAAACG-1,16
CGGAACGTAAACATAG-1,14
CGGAGCAATTTAATCG-1,21
CGGAGCATGGCGATCC-1,8
CGGAGTTTGAGAGACA-1,12
CGGATCCTCAAGGACT-1,28
CGGCAAACATCGTGCG-1,0
CGGCAGGGTCGGGTTG-1,23
CGGCCACGCACAAAGT-1,22
CGGCCCAACCTGTAGT-1,0
CGGCCCAGGTATATCC-1,5
CGGCGCCATCAATCCC-1,1
CGGCTCTAAAGCTGCA-1,5
CGGGAATATAGTATAC-1,5
CGGGAATTTATGTAAA-1,13
CGGGAGCTTCAGTGTA-1,5
CGGGATCAATGTAAGA-1,18
CGGGCAGCTAAACCGC-1,0
CGGGCCTTCTTTGTAA-1,0
CGGGTGTACCCATTTA-1,8
CGGTACTAGAATCAAA-1,8
CGGTAGAGGTGCAGGT-1,3
CGGTCAAGTGGGAACC-1,15
CGGTCCATGAGACTCC-1,2
CGGTCTATCAACCCGT-1,2
CGGTGAAGACTAAAGT-1,11
CGGTGCAGATAGAACG-1,6
CGGTGCGCGTTGGTCC-1,6
CGGTGGGCTCCAGCCT-1,4
CGGTGTACTTGATCCC-1,4
CGGTTATCCAACAGTG-1,10
CGGTTCAAGTAGGTGT-1,0
CGGTTGACCTGGCATA-1,18
CGTACCTGATAGGCCT-1,18
CGTAGCGAATTGTCAG-1,4
CGTATTAAGAGATCTA-1,12
CGTCAAATGGTCGCAG-1,7
CGTCAAGGCTATAAAT-1,7
CGTCACGTCCATTGGT-1,14
CGTCGCATGTGAGCCA-1,15
CGTCGGATAGTGTTGA-1,5
CGTCGGGTCTAAGCGC-1,9
CGTCGTCCTTCGCGAA-1,1
CGTCTGGAAGGGCCCG-1,11
CGTGAAGTTAATTCAC-1,0
CGTGACATTGGGTCGT-1,17
CGTGCAGACTGGGACA-1,8
CGTGCATTGTCGACGC-1,6
CGTGCCCTCCCGAAGA-1,19
CGTGGCCGAATATCTA-1,8
CGTGTCCCATTCGCGA-1,12
CGTGTGTTAAACCCTG-1,10
CGTTAATGTCCCGACG-1,28
CGTTAGCTCACAACTG-1,4
CGTTCATGGTGCGCGT-1,9
CGTTCTTCGCACACCT-1,2
CGTTGAATACCGCGCT-1,1
CGTTGAGCGACCGTCG-1,8
CGTTGTAAGATTGATT-1,0
CGTTGTTTCAATTCCC-1,12
CGTTTAAGCGGAGCAC-1,4
CGTTTACAAGGCAGCT-1,2
CGTTTCACTTCGGGCG-1,2
CGTTTCGCTCATTACA-1,13
CGTTTGTGTAGAGGGT-1,9
CTAAAGAATGCCTACT-1,12
CTAAAGGGAAATAGGA-1,0
CTAAATCCTATTCCGG-1,15
CTAACCGCGCGCCCGT-1,12
CTAACGAAACTTGCTG-1,26
CTAACTGGTCCGGTTC-1,6
CTAAGGGAATGATTGG-1,8
CTAATTCGCACGCGCT-1,3
CTAATTCTCAGATATT-1,10
CTAATTTCAACAACAC-1,4
CTACAAGAAATAACCC-1,9
CTACCCTAAGGTCATA-1,5
CTACGACTAGCTATAA-1,18
CTACGCACGGAGTACC-1,0
CTACGCCATTTCCGAT-1,4
CTACTATCATAGGTTT-1,9
CTACTATCTTTCAGAG-1,26
CTACTCTAGGCCCGGC-1,2
CTACTGCCACCTGACC-1,12
CTAGATGTGAGTGTAA-1,10
CTAGATTTACGACGGC-1,8
CTAGCATAGTATAATG-1,22
CTAGCCGATGTTATGA-1,3
CTAGGCGCCCTATCAG-1,1
CTAGGTCTGAAGGAAT-1,27
CTAGGTTCGGACGTGA-1,1
CTAGTAGAAAGGGATT-1,1
CTAGTATTCGGAATTA-1,17
CTAGTCACGTCTTAAG-1,8
CTAGTGAAGGACAGGA-1,12
CTAGTTACAACCCGGT-1,0
CTAGTTGGGCCCGGTA-1,12
CTATAAGAGCCAATCG-1,10
CTATCGACGAAATACA-1,1
CTATCGGGTCTCAACA-1,8
CTATGTCACTAGCCCA-1,0
CTATGTGAGTCACGGC-1,9
CTATTCATGTGTCCCA-1,0
CTATTGTGTTTGGTCA-1,7
CTATTTGGTTACGGAT-1,8
CTCAACTAACCCGGAT-1,28
CTCAAGACATTAGCGC-1,4
CTCACACGCAAGCCTA-1,4
CTCACTGTGATACTTA-1,1
CTCACTTGGCTGGTAA-1,18
CTCAGGACTCACCTGT-1,7
CTCAGTCACGACAAAT-1,0
CTCATCACTTAGTGAT-1,10
CTCATGGCTCACAATC-1,4
CTCATGGTAATTTGCG-1,6
CTCATTGCTCTAACAA-1,1
CTCATTTGATGGGCGG-1,3
CTCCCTCCTTTCGATC-1,9
CTCCGCCCACATGAGG-1,6
CTCCGGCCTAATATGC-1,3
CTCCTTTACGCAAGTC-1,3
CTCGAGGTCGAACAGT-1,12
CTCGATATTTGCGAGC-1,3
CTCGCACCTATATAGT-1,12
CTCGGTACCACTGCTC-1,8
CTCGGTCCGTAGCCTG-1,11
CTCGGTTGTCGGCCCT-1,20
CTCGTTTCTAATGTTT-1,3
CTCTAATGCATTGATC-1,3
CTCTACACTGGCGATT-1,9
CTCTATTTGGCTGCAG-1,29
CTCTCACAATCGATGA-1,22
CTCTGGACGCCTGGTG-1,0
CTCTGTTTGAGGATTC-1,17
CTCTTCTATTGACTGG-1,5
CTCTTGTCCCGCTTGG-1,21
CTGAAAGAGATCCGAC-1,3
CTGAATCCGAGACCTC-1,0
CTGAATTTATTGCCAG-1,3
CTGACTGCGCAGCTCG-1,23
CTGATAGTGTATCTCA-1,9
CTGCACAACTACATAT-1,13
CTGCACCTAGTCCACA-1,2
CTGCACCTGGAACCGC-1,17
CTGCACTCCAGTACAG-1,29
CTGCCAAGGTTGGAAG-1,3
CTGCCATGCATCACAT-1,19
CTGCCTTTCTAGTAAA-1,28
CTGCGGGTGAAATGTT-1,2
CTGCGTTACGATATAA-1,11
CTGCTGAGGCCACGAA-1,6
CTGCTTGGCGATAGCT-1,1
CTGCTTTATGTCCGCG-1,2
CTGGAAATGGATGCTT-1,12
CTGGAAGACACGGTGG-1,13
CTGGATTTACACTTGA-1,0
CTGGCATCCGAATGAG-1,6
CTGGCGACATAAGTCC-1,2
CTGGCGCACAGGTCTG-1,8
CTGGCGGGAATAAGTA-1,7
CTGGCTGATTCATCCT-1,5
CTGGCTGGTTGTCAGT-1,21
CTGGGATAAATAATGG-1,8
CTGGGCCTGCTATATC-1,6
CTGGGTAGGCAGTTAA-1,8
CTGGTAACACATAGAA-1,8
CTGGTAACGAGCTCTT-1,10
CTGGTCATTCCAATCC-1,15
CTGGTTTCGAGCAAGA-1,8
CTGTACTTCTTAGCAT-1,0
CTGTAGCCATCTCACT-1,16
CTGTATGGTGTAGAAA-1,17
CTGTCAAATGGCTCGG-1,0
CTGTGCAGGGTAGGTC-1,8
CTGTGGTCGGGAGATA-1,13
CTGTTACCCAATCTAG-1,0
CTGTTCACTGCCTGTG-1,3
CTGTTCATCTCACGGG-1,11
CTTAACTTCGAAGTAC-1,4
CTTACACGGTATTCCA-1,12
CTTACACTGGGAAATA-1,17
CTTAGCCTTCCACATG-1,18
CTTAGTAGGCCTACAG-1,23
CTTAGTGTAGTAGCAT-1,28
CTTCAACTCCACTTGG-1,0
CTTCATAGCTCAAGAA-1,17
CTTCATTGTCAGTGGA-1,22
CTTCCGCTCCGTGAAG-1,21
CTTCGTAGATAGGTGA-1,0
CTTCTATGTTGAAGTA-1,9
CTTCTATTAATGCTAG-1,14
CTTCTTACGTCGTATA-1,17
CTTGAGTTAGGGTAAT-1,5
CTTGCAACCGCCTCCT-1,6
CTTGCCCAGGCTCTAC-1,0
CTTGTACTTGTTGACT-1,3
CTTGTCAACATTCGAG-1,29
CTTGTGCTCACCGATT-1,3
CTTGTTGCTGAGTCAA-1,8
CTTGTTTATGTAGCCA-1,4
CTTTAACTTTCAAAGG-1,0
CTTTAATATTGGTCGA-1,13
CTTTACCGAATAGTAG-1,13
CTTTAGGAACACTGTT-1,8
CTTTAGTGCTATTATT-1,0
CTTTCTGTGCGGGCTT-1,0
CTTTGCATCGCTCTTG-1,1
CTTTGGCGCTTTATAC-1,9
CTTTGGCTTTAGTAAA-1,12
GAAACAGATGACCACC-1,5
GAAACAGCCATGCAGT-1,4
GAAACCATGGTGCGCT-1,10
GAAACCGAATTACCTT-1,0
GAAACTCGTGCGATGC-1,11
GAAACTCTAATGAAGG-1,4
GAAAGAACAGCGTTAT-1,27
GAAAGCAGTGCACTTT-1,21
GAAAGCCCTTTGGACC-1,2
GAAAGTGACTAACTGC-1,2
GAAATATCACCATCAG-1,2
GAAATATGCTTGAATG-1,4
GAAATCGCGCGCAACT-1,3
GAAATGGCGGTGTTAG-1,12
GAAATTAGCACGGATA-1,2
GAAATTCACATCGCTG-1,4
GAAATTGTCTCTATAA-1,0
GAACAACTGGGATGAA-1,28
GAACACACATCAACCA-1,3
GAACAGATTACTAAAT-1,1
GAACCCTCTGTGTTCT-1,15
GAACCTTTAACGATCC-1,1
GAACGACCGAATGATA-1,3
GAACGATAAGTTAAAG-1,7
GAACGTCTCATGGTCG-1,8
GAACGTTAGGAAGACG-1,9
GAACTTGTGCACGGGA-1,7
GAAGAACGGTGCAGGT-1,7
GAAGCGTGAGGAATTT-1,22
GAAGCTCGGACCCGTC-1,9
GAAGCTTGCTGACCGC-1,12
GAAGGCTACCATTGTT-1,2
GAAGTCAGTTGCACTA-1,14
GAAGTCTCCCTAGCGA-1,5
GAAGTGATTTATCGTG-1,13
GAAGTGCTGGATAGCT-1,17
GAAGTTTCCACTCAAT-1,13
GAATAGACGCGACCCA-1,5
GAATAGCCCTGCGGTC-1,11
GAATATTCGGAGTCCC-1,4
GAATCGACATGGTCAC-1,18
GAATCTGAACATTCTC-1,19
GAATGAAGGTCTTCAG-1,4
GAATGTATGGCAGGTC-1,17
GAATGTGGTCCGGATT-1,8
GAATGTTGGGTAATCT-1,0
GAATTATAGTGAAAGG-1,19
GAATTCACCCGGGTGT-1,0
GAATTTCTCGCTGCAG-1,3
GACAAACATATGCAGG-1,5
GACAACGACCATTGAA-1,0
GACAACGCAGCTTACG-1,3
GACACAAGGGAAGAAA-1,0
GACACGAGTTAGAGGA-1,4
GACACTGAGTTCAGTG-1,14
GACAGCCAGACCTGAC-1,8
GACAGGCACACACTAT-1,6
GACATCGATTTATAAC-1,21
GACCAGAGCCCTGTAG-1,12
GACCCAATTATGATAC-1,20
GACCGACGTGAAAGCA-1,27
GACCGACTGAAGCGTC-1,11
GACCGTCAGGTCGTGA-1,4
GACCGTGCTGACGGTG-1,0
GACGACGATCCGCGTT-1,29
GACGAGGCTAATAAAC-1,1
GACGCCGTAAAGGCTA-1,21
GACGCTTGCTTCTAAA-1,12
GACGGTCAATAGAAGC-1,10
GACGTGTAGGGATTAT-1,3
GACGTTCGTAAATACA-1,3
GACTAAGATCATGCAC-1,18
GACTAAGTAGGCTCAC-1,12
GACTACAAAGCGGTGG-1,9
GACTCACCCACGTGAG-1,13
GACTCCCAGAATAAGG-1,0
GACTCGCGGGAATGAC-1,10
GACTGCAAATCGAGCT-1,13
GACTGCACCAGCCCAG-1,8
GACTGCGGCACGTGTA-1,7
GAGACTGATGGGTAGA-1,12
GAGACTTCGCGACCGA-1,21
GAGAGGGCGCGAGGTT-1,12
GAGAGGTGCATTCTGG-1,6
GAGATCTGCTTGGCAT-1,12
GAGATCTGTCACTCCG-1,0
GAGATCTTCCATGACA-1,8
GAGATGACAATCCTTA-1,2
GAGATGGGAGTCGACA-1,1
GAGCACCTGTGTCCAG-1,1
GAGCCAGCTACCTGTG-1,1
GAGCCGAGCGTTTATT-1,7
GAGCGAGGGAGTACCG-1,17
GAGCGCGCACGAGTAG-1,5
GAGCTAAGGGCATATC-1,0
GAGCTCTCGGACCTAA-1,15
GAGCTGTCGTCTCGGA-1,2
GAGGAATGGAGAGGTT-1,3
GAGGATAAACAGTGCT-1,27
GAGGCATTTGCAGCAG-1,7
GAGGCCCGACTCCGCA-1,20
GAGGCTATCAAAGTCG-1,18
GAGGGCCATAATATTA-1,11
GAGGGCGCAGCTCTGC-1,26
GAGGTACATCCATCTT-1,4
GAGGTCCCAAAGATCT-1,7
GAGTACGGGTATACAA-1,4
GAGTATGCCCGCCTTG-1,6
GAGTCAGACCAGAATC-1,16
GAGTCCGCTTACCGGA-1,0
GAGTGTCAACCAGAAA-1,28
GAGTGTGCGGTACCCA-1,8
GAGTTGATGGCAATTT-1,9
GATAAATCGGTGGATG-1,4
GATAACTCGCACTGTG-1,8
GATACGATGGGAGTCA-1,14
GATAGGTAACGTTGAC-1,0
GATATCTCATGCAATA-1,4
GATATGAGACACTAAC-1,8
GATATGCGGTAGCCAA-1,3
GATATGGATTACGCGG-1,11
GATATTGAGATTGGCG-1,23
GATATTTCCTACATGG-1,2
GATCATTCCAAACATT-1,12
GATCCCTTTATACTGC-1,12
GATCCGGGAATTAACA-1,8
GATCCTAAATCGGGAC-1,26
GATCCTCGACACTGGC-1,6
GATCGACACTATCTGA-1,12
GATCGCGGGCTCTCCA-1,0
GATCGCTACCCGATTT-1,5
GATCGGATAGAACCAT-1,9
GATCGGTGGCCATAAC-1,30
GATCGTGACTGATATC-1,8
GATCTTGGAGGGCATA-1,8
GATCTTTGCAGGGTAT-1,12
GATGACAAGTAGGGCA-1,9
GATGACGATGATCGCG-1,2
GATGCCAGCAGAAGGC-1,7
GATGCGTCCTGCATTC-1,0
GATGCTACAAGCGCCT-1,11
GATGCTGTATTTCATC-1,8
GATGGCGCACACATTA-1,4
GATGTAACGAACCACC-1,9
GATGTTCAATCCACGA-1,14
GATGTTTGTGCGAGAT-1,4
GATTAACCGAAAGCCC-1,1
GATTACTGAATTTGGG-1,12
GATTCCCTTGTCGCAG-1,12
GATTCCGCGTTTCCGT-1,11
GATTCCTATACGGCGC-1,17
GATTCGACGGTTCACG-1,8
GATTGGGAAAGGTTGT-1,15
GCAAACCCTACATTAT-1,5
GCAAACCTTGGCCATA-1,1
GCAAATATTACGCTTT-1,12
GCAACACACTAGAACT-1,20
GCAACAGCAGTATGCG-1,5
GCAACCACCAGACCGG-1,4
GCAACCACGGCCGCGT-1,6
GCAACGGCTAGTTATG-1,5
GCAAGAATTCCTTGGC-1,6
GCAAGATGTGTTCGCG-1,7
GCAAGTGCACAGAGAA-1,3
GCACACACTGGTAGCC-1,1
GCACGCCTACTTAGAT-1,9
GCAGACCCAGCACGTA-1,13
GCAGATCCATAAGACT-1,13
GCAGATTAGGGATATC-1,22
GCAGCACACAGCCCAG-1,12
GCAGCCTATATCACAT-1,27
GCAGGACTATAGAATA-1,12
GCAGGTAGAGTATGGT-1,2
GCAGTGTGGCTATAGG-1,28
GCATACGAGGTCTTTA-1,9
GCATAGAGCACTCAGG-1,22
GCATCCCTAACTTTGA-1,17
GCATCGGCCGTGTAGG-1,5
GCATGAGGGACGCGGC-1,10
GCATTCAAGGCAACGC-1,10
GCATTCGAAATGAACA-1,7
GCATTGTAATTCATAT-1,9
GCATTTCCAAGGCTCC-1,10
GCCAACCATTTCCGGA-1,10
GCCAATAGGGCATCTC-1,10
GCCACAATTTAAGGAC-1,6
GCCACTCAGAGCGCGA-1,1
GCCAGGAGTAACCGAT-1,3
GCCATATTGCACACAG-1,3
GCCATCGAGCTGCGTG-1,21
GCCATCGATGCTGCAT-1,10
GCCCAGTTGGTATGCC-1,2
GCCCGACTTCTTCCCG-1,7
GCCCGATCTGTGGTCG-1,0
GCCCGCGCGTAAACGG-1,6
GCCCGCGCGTTTGACA-1,11
GCCCGTAATACCTTCT-1,15
GCCGAAATTCCTACGT-1,12
GCCGATTGGCCAAGCT-1,22
GCCGCATTAGTCCGGC-1,9
GCCGCTTGTGAGAAAC-1,12
GCCGGGTTAGGGTCGC-1,0
GCCTAGCGATCTGACC-1,2
GCCTATAGTGTCAGGG-1,26
GCCTATGCTGGGCCTT-1,2
GCCTATTCCGATATAG-1,11
GCCTCATCTGGAAATA-1,5
GCCTCTATACATAGCA-1,1
GCCTTCAGCCCTACCG-1,17
GCGAAACGATCGGGAG-1,1
GCGAAACTTAACTGGA-1,8
GCGAAGCCATACCCGT-1,0
GCGACATGTAAACATC-1,27
GCGACCCAACCATCTG-1,15
GCGACGATAGTTGTAC-1,0
GCGAGAGGCCATGTAA-1,2
GCGAGAGTTGCGTCCA-1,23
GCGAGCGCATGCTCCC-1,27
GCGAGGCCCGAGCAGA-1,13
GCGAGTTCTGCAAAGA-1,22
GCGATTGTTAACGTTA-1,8
GCGCAAGAGCGCGCTG-1,5
GCGCATCCAGTCAGCA-1,10
GCGCCGTTCCACGATA-1,19
GCGCGTCATTGGTACA-1,28
GCGCTAATTGAATAGA-1,8
GCGCTATGCCGAGGCA-1,14
GCGCTGATCCAGACTC-1,2
GCGCTGCTTTGCATTT-1,10
GCGCTTAAATAATTGG-1,0
GCGGACCGCGTTGTGG-1,6
GCGGAGAAACTTCGCA-1,9
GCGGAGAGGGAGAACG-1,8
GCGGCTCTGACGTACC-1,12
GCGGGAACCAGGCCCT-1,11
GCGGGCATTACGATGC-1,0
GCGGGCGAGCCTTACC-1,21
GCGGTCCCGGTGAAGG-1,4
GCGGTCCCTAGACGCA-1,7
GCGGTGAACTGCGCTC-1,3
GCGGTTCCCTATCATG-1,14
GCGTAAATGGCCATAA-1,23
GCGTCGAAATGTCGGT-1,2
GCGTCGCCAGGGTGAT-1,21
GCGTCTCTGCATTGGG-1,12
GCGTGGTACTGGGTTA-1,5
GCGTTATATTTGGAAC-1,20
GCGTTCGGAGACCGGG-1,2
GCTAAACCTGAGGTGA-1,17
GCTAACTGAAGTCTGA-1,0
GCTAAGTAAAGGCGAT-1,15
GCTAAGTAGTTTCTCT-1,8
GCTAATACCGAATGCC-1,3
GCTACAGTACGGACCG-1,7
GCTACGACTTATTGGG-1,19
GCTACTATAGTAGAGT-1,5
GCTAGACCGTCTACTG-1,5
GCTAGAGTAGAGATGT-1,1
GCTAGCAGGGAGTGGG-1,4
GCTAGCTTGAATAGCT-1,21
GCTAGGCACCACGGAG-1,13
GCTAGTAGAGCTTGTA-1,8
GCTAGTTTCATTGAGG-1,4
GCTATACGTCTCGGAC-1,1
GCTATCATACTCATGG-1,1
GCTATCGCGGCGCAAC-1,4
GCTCAATCCGTTTATT-1,6
GCTCATTACTGCATGT-1,4
GCTCCCAGTCGGTCCA-1,5
GCTCCGCTCGCTTCAG-1,5
GCTCCTGACATACTGG-1,9
GCTCGCGGTTCCGCTC-1,15
GCTCGCTCATGTCCAA-1,5
GCTCGGAATTTAAAGC-1,18
GCTCTAAACCCTGACG-1,12
GCTCTATGTTACGTGC-1,3
GCTCTCGGGTACCGAA-1,12
GCTGAGGCGTGAGTAT-1,8
GCTGCACGGTTTCTTA-1,8
GCTGCTAAGTAGTCGA-1,21
GCTGCTACTGCGTAGC-1,13
GCTGCTCTCCGGACAC-1,0
GCTGGACCCAAAGTGG-1,4
GCTGGCATATTCACCT-1,18
GCTGGCGGCGCATGCT-1,0
GCTGTATTACTGGCCC-1,6
GCTGTTGCTACCGAAC-1,5
GCTTAATGTAACTAAC-1,8
GCTTACGTAGTTAGTA-1,27
GCTTATGAAGCAGGAA-1,19
GCTTCCGTCCCTAGAC-1,0
GCTTGATGATAATCAG-1,11
GCTTGCAGCACAATTG-1,11
GCTTGGATCGATTAGG-1,26
GCTTTCAGAGGAGGTG-1,5
GGAAACCTTGTTGAAT-1,2
GGAAAGTGCCCATGCC-1,3
GGAACCGTGTAAATTG-1,14
GGAACGGCCTGCAGCC-1,7
GGAAGCTCGCTTACAG-1,7
GGAATGCGCTAGCGTG-1,8
GGACCAACAGGATAAC-1,29
GGACCTACGGTAACGT-1,11
GGACCTCTAGGCCGCC-1,15
GGAGAAGTCATTGGCA-1,3
GGAGACCAATGTGCTT-1,2
GGAGACGACACCTTTG-1,19
GGAGCACCAAGAACTA-1,30
GGAGGGCTTGGTTGGC-1,8
GGAGTGCCGCCCTGGA-1,3
GGATCATCCCGTACGC-1,11
GGATCCGGAATATACT-1,19
GGATCTTGACTCAACC-1,20
GGATGAAGATCGCTGA-1,5
GGATGACGCGAGTTTA-1,13
GGATGCTGGCGTTCCT-1,9
GGATGTCCTTACCGCA-1,19
GGATTCAGTACGGTGG-1,17
GGATTCCGCTATACCC-1,3
GGATTGCTGTGACTCC-1,28
GGATTTCACTTCTATA-1,8
GGCAAAGGCGCCAATA-1,9
GGCAAATTACTTTACT-1,1
GGCAAGCCAGGGATAG-1,4
GGCAAGGCGAAATAGC-1,8
GGCAATAGTCAATGAG-1,0
GGCACTCCACTGGGCA-1,12
GGCAGCAAACCTATGC-1,1
GGCAGCGGTAATCCTA-1,4
GGCATACAGGTAGCGG-1,12
GGCATATCGGTTCTGC-1,2
GGCCCGTATACCATGC-1,2
GGCCCTCACCCACTTA-1,18
GGCCGGCGTCTGCTAT-1,15
GGCCGTTTGGGTTTCA-1,15
GGCGAAATCTAACTTG-1,8
GGCGCAGGACATCTTC-1,18
GGCGCATGAATTGATG-1,0
GGCGCGGAGATCTTTC-1,1
GGCGCGTTCGAGTTTA-1,0
GGCGGAGTAATATTAG-1,12
GGCGGTAGGATCATTG-1,22
GGCGTAGGGAAAGCTG-1,1
GGCGTCCTATCCGCTG-1,12
GGCTAAAGGGCGGGTC-1,2
GGCTATTAAGTTGTAT-1,12
GGCTCCTCCACCTGTT-1,15
GGCTCGCGTTGAGGTA-1,10
GGCTCGTGCCACCAGC-1,11
GGCTCTGCTCCAACGC-1,12
GGCTGAAATAGCAAAG-1,13
GGGAACGGGAGGTTAG-1,12
GGGAAGGGCTTTCTCA-1,28
GGGAATGAGCCCTCAC-1,2
GGGACCCGTATATCTT-1,16
GGGACTGCATAGATAG-1,0
GGGAGAACTCACAGTA-1,0
GGGAGGATGCCCGAAA-1,13
GGGAGTTAATGAGGCG-1,8
GGGATCCCAATACAAA-1,4
GGGATGGTCGTAACCG-1,6
GGGATTTACCGCACCT-1,8
GGGCAGAGCAATCGTT-1,15
GGGCCCGTCTTAAACA-1,1
GGGCCCTACGAAAGGG-1,16
GGGCCGGCCGAAGTAC-1,8
GGGCGATATGTGTGAA-1,12
GGGCGGCAAATGAATT-1,14
GGGCGGGTTCCCTACG-1,6
GGGCGTACATTTATAT-1,0
GGGCGTCACCACGTAA-1,14
GGGCGTCCACTGGCTC-1,11
GGGCGTGGTTTCCCAG-1,28
GGGCTATGATCGATGG-1,9
GGGCTCATCGAACCCA-1,0
GGGCTGCCTAGGGCGA-1,22
GGGCTGGTTAGTCGCG-1,12
GGGTACTTCATGAACT-1,12
GGGTATGTATGCACTT-1,2
GGGTCACCGTGACGGT-1,12
GGGTCGTGGCAAGTGT-1,0
GGGTGACACCTTAACT-1,0
GGGTGCATATGAAAGC-1,0
GGGTGTTTCAGCTATG-1,11
GGGTTAACATTTGAGT-1,21
GGGTTTAGGATAGGAT-1,5
GGTAAATGTGCGTTAC-1,7
GGTAACCGGGAGGATA-1,15
GGTACAAACATGCTAT-1,0
GGTACACCAGATTTAT-1,2
GGTACATCTGGGACGA-1,9
GGTACCATTAAGACGG-1,10
GGTAGAAGACCGCCTG-1,29
GGTAGACCGTTGGGCG-1,21
GGTAGTGCTCGCACCA-1,8
GGTATAGTGACACATA-1,10
GGTATTGCCGAGTTTA-1,12
GGTCAGTGGGTCCCAC-1,0
GGTCGGATAAACGGCG-1,18
GGTCGGCCAGGAGCTT-1,8
GGTCGGTCGTCCACAG-1,16
GGTCGTAAGCTCGCAC-1,9
GGTCTCTGAATGGACT-1,6
GGTCTGAGAATCTGGA-1,5
GGTGAAGTACAGGGAT-1,6
GGTGAGATGCAGATAA-1,4
GGTGATAAGGAGCAGT-1,8
GGTGCGGATAAGTGGC-1,17
GGTGCTGATCACAAAG-1,11
GGTGCTGGTACACATT-1,14
GGTGGACTGCTCTGGC-1,13
GGTTACCACCCTCGGG-1,6
GGTTAGCTATATGTCT-1,8
GGTTAGGCTTGGAGAA-1,18
GGTTAGTTACGGCGCC-1,11
GGTTCTACTCGTCTGA-1,13
GGTTGTGTAGCCTGGC-1,9
GGTTTAATTGAGCAGG-1,2
GGTTTACAATCTCAAT-1,12
GGTTTAGCCTTTCTTG-1,5
GGTTTCAATCGGTCAG-1,8
GTAAGCGGGCAGTCAG-1,0
GTAAGTAACAGTCTGG-1,8
GTAAGTAGGGTATACC-1,3
GTAATAAAGGGCTCCC-1,10
GTAATCTGATTCTTCG-1,6
GTACACTTACCTGAAG-1,19
GTACAGAGGCAAGGGT-1,8
GTACGAGATTGCGACA-1,3
GTACGCTTCATTGCAC-1,8
GTACGTTTGCCCGTCA-1,19
GTACTAAGATTTGGAG-1,12
GTACTCCCTTATCGCT-1,18
GTACTCCTGGGTATGC-1,10
GTACTGGAGTTAGACC-1,5
GTACTTGGGCACTTCT-1,4
GTAGAAACGGGTGGAG-1,7
GTAGAGGGAGACAAGT-1,6
GTAGCCAAACATGGGA-1,29
GTAGCGGCTATACACT-1,19
GTAGCTTCCTCTTGTT-1,5
GTAGGTGATCCGTGTA-1,2
GTAGTCGCGGGAATCA-1,13
GTAGTCTACGATATTG-1,1
GTATAGGACTCAGTAG-1,3
GTATCAAACGTTAGCT-1,1
GTATCAGCTTGGGTTC-1,17
GTATCCTTTGGTAACC-1,28
GTATCTTTCATAACCA-1,13
GTATGAAATTTCACTC-1,9
GTATGTGGGTCTAGTT-1,5
GTATTAAGGCGTCTAA-1,4
GTATTCTGAGAAACGA-1,6
GTCAAGCGGACTCGGG-1,8
GTCAATGCTATAATTT-1,2
GTCACAAAGTTTCCAA-1,7
GTCACTCTCCAAATCT-1,11
GTCAGAATAGTCTATG-1,18
GTCAGTTTGGTAGTCG-1,20
GTCATGCACCTCCGTT-1,0
GTCATGGACATGACTA-1,12
GTCATTAGAGCGAACG-1,8
GTCATTGCATTGACCC-1,11
GTCCATTACTGCTACG-1,5
GTCCCAACGTAAAGTA-1,19
GTCCCGCGACGTTATG-1,1
GTCCGGACCTGAAATT-1,1
GTCCGGCTGAATTGCG-1,12
GTCCTACGAATAGTCT-1,1
GTCGCCGTTGTGTGTT-1,9
GTCGCGTAACCCGTTG-1,8
GTCGGAAGGATACCAG-1,20
GTCGGATATCTCAGAC-1,12
GTCGGATGTAGCGCGC-1,2
GTCGGGAAGCAGAAAC-1,15
GTCGTACCATCTCGGG-1,29
GTCGTATTGGCGTACA-1,3
GTCGTCTGGTTGGCTA-1,20
GTCGTGTCTGGTCATC-1,0
GTCGTTATTCGCTTAT-1,19
GTCTACTCAATTACAA-1,20
GTCTATCTGAGTTTCT-1,12
GTCTATTGGTTCCGGT-1,5
GTCTCGACTAAGTTTG-1,3
GTCTCGATCTGCTTTC-1,3
GTCTGGGCGGTCGAGA-1,14
GTCTTAGTACAGCCGG-1,4
GTCTTGTAGCTATTCA-1,5
GTGAAACGGCGCCACC-1,0
GTGAACTCCCATTCGA-1,10
GTGAAGATTTCAAGTG-1,3
GTGAAGCCGTATAGTC-1,3
GTGACCGCACACTACG-1,5
GTGACGAGGGTGACCC-1,10
GTGACTTCAGTAGTGC-1,14
GTGAGCGTGCTGCACT-1,2
GTGAGGACACTTAAGG-1,8
GTGAGGAGCGGTTGAG-1,4
GTGAGTGGTACAACGC-1,14
GTGATCACTAACGCCT-1,5
GTGATCATAGATCTGC-1,0
GTGATCCTTGTCATGA-1,28
GTGATGCACAACATCT-1,7
GTGATTCGCCGCTCAA-1,6
GTGCAACAAATGTGGC-1,17
GTGCACGAAAGTGACT-1,2
GTGCCATCACACGGTG-1,6
GTGCCCGTTCGGATTC-1,8
GTGCCGCTTCAAAGGT-1,14
GTGCGAAATCGAACAC-1,14
GTGCGACAGGGAGTGT-1,5
GTGCGGGTCTCCAAAT-1,3
GTGCGTGTATATGAGC-1,8
GTGCTCAAGTACTGTC-1,12
GTGGAACCTACATGCG-1,11
GTGGACCAACCCGATT-1,9
GTGGACGCATTTGTCC-1,21
GTGGACGTGCTGAGAC-1,17
GTGGAGTCGGCGGTTG-1,21
GTGGCAAACAGCGGCA-1,9
GTGGCGGTCCCAGCGT-1,9
GTGGGAAGACTGAATC-1,15
GTGGGCTTAGACACAC-1,12
GTGGTATAGTCTGCCG-1,9
GTGGTGGCCAAGTGAA-1,8
GTGGTTACTTCTTTCG-1,10
GTGGTTTCCGCCTTTC-1,6
GTGTATATCAGCGGGC-1,28
GTGTCGTATAGCGTTC-1,1
GTGTGAATAACTTAGG-1,8
GTGTTACTATGCGTCC-1,8
GTTAAAGTAGGACTGG-1,19
GTTAACATCACTTAAA-1,1
GTTAACTATGTTGTCA-1,5
GTTAAGGGTGCGATGT-1,15
GTTAAGTTAGAGTGGG-1,7
GTTAATGTCTATCTTA-1,7
GTTACAATTGGTGACG-1,12
GTTACCTACAACTTGC-1,29
GTTACTTTGGGCCTAG-1,22
GTTAGCCGTAAATCAA-1,26
GTTATATCAGGAGCCA-1,3
GTTATATTATCTCCCT-1,0
GTTCACAGGAGTCTAG-1,12
GTTCATCGTTTGGCTG-1,23
GTTCCAGTCTGACCAT-1,11
GTTCGCCATAAGTGCC-1,13
GTTCGGATCGGGAACA-1,5
GTTCGGGCGTACCATT-1,10
GTTCGTCTAAAGAACT-1,13
GTTCGTCTGGGTCCCT-1,2
GTTCTTCCCTCGATGT-1,17
GTTGAACCGGTTCCAT-1,14
GTTGAGTCCCGCCGGT-1,13
GTTGCACGGAGTTTCG-1,3
GTTGGACCGCATCAGG-1,2
GTTGGATTCAGTGGCT-1,11
GTTGGATTGAGAACAC-1,8
GTTGGATTTGCGTTGG-1,1
GTTGGTCATGCTATCC-1,21
GTTGTCGTGTTAGTTG-1,17
GTTTACGTTCCATCTG-1,29
GTTTCATATCGTCGCT-1,18
GTTTCCTGGAGGGTGA-1,0
GTTTCTGCAGTCTCCC-1,8
GTTTGACCAAATCCTA-1,12
GTTTGGCCCAAGTTAT-1,8
GTTTGGGCTTGTGAGC-1,13
GTTTGGGTTTCGCCCG-1,28
GTTTGGTAGGGTCAAC-1,14
TAAACCCAGGAGGGCA-1,6
TAAAGCGTTAGGAGAA-1,10
TAAAGCTGCAATAGGG-1,2
TAAATCTTTACACCTC-1,2
TAAATGAATCCGTTTC-1,11
TAACAAAGGGAGAAGC-1,11
TAACAATATTTGTTGC-1,4
TAACATACAATGTGGG-1,8
TAACATACACGCGATC-1,20
TAACCTACCGTCCGAG-1,23
TAACGCTTTGAGAGCG-1,2
TAACTATCGAAGGTCC-1,2
TAACTATTACGCCAAA-1,26
TAACTCATCCGCGCGG-1,0
TAACTCCATGGAGGCT-1,4
TAAGCAGGCGACACGC-1,9
TAAGGAACTTGTGGGA-1,4
TAAGGCAACATAAGAT-1,12
TAAGGCATAACATCAA-1,16
TAAGGCTGAATCCCTC-1,5
TAAGGGCCTGTCCGAT-1,1
TAAGGGCTGGGAGAGG-1,7
TAAGTAACATCTTGAC-1,6
TAAGTCGCCGAGTATC-1,9
TAAGTTGCGACGTAGG-1,1
TAATAAACAAGGAGAT-1,2
TAATACACAGTAGTAT-1,3
TAATAGAACAGAGTTA-1,6
TAATAGCTAAATGATG-1,4
TAATAGTGACGACCAG-1,0
TAATATTGAAATTCGC-1,17
TAATCGATCCGTACGT-1,10
TAATGAAAGACCCTTG-1,4
TAATTAGGACATCCGT-1,5
TAATTGGAATCGGGAA-1,11
TACAACGCACAACTCA-1,13
TACAAGTCTCGTGCAT-1,3
TACACCGTCGTTAGTC-1,2
TACAGAAACGGTGGGC-1,28
TACATAGGCATACACC-1,22
TACATCCCTATCCCTG-1,9
TACATTTCTAACGTGC-1,0
TACCAATAAAGTACCA-1,13
TACCAGAAGTAGGTTC-1,14
TACCAGCTAGGTTTAA-1,4
TACCGCGGACTTGCAG-1,10
TACCGGCTCACTGCCC-1,29
TACCGGTCGTTTCCAT-1,6
TACCGTGCCTCGGACC-1,29
TACCTACTCCCAGTAT-1,15
TACCTCACGCTTGTAC-1,11
TACCTGCTGCACTGTG-1,11
TACCTTAAGATTTCCC-1,6
TACGAACACGACTTCA-1,12
TACGACGCTTGCTGCG-1,0
TACGACTGCCTCTTAG-1,13
TACGAGAACTTCACGT-1,12
TACGATGTTGATCATC-1,12
TACGCAGTTCTTTCCT-1,13
TACGCCATATTCTAAT-1,0
TACGCCGAGGGTACCC-1,9
TACGCCTCCATTCCGA-1,21
TACGCTATAGAAACCT-1,23
TACGGGATGCTAGCAG-1,3
TACGTGCACTATGCTG-1,11
TACGTTTACCGGCAAT-1,6
TACTATGGTTCCTCAG-1,9
TACTCGGCACGCCGGG-1,9
TACTCTCCGAACAAAT-1,3
TACTCTTTCGTCTTCA-1,9
TACTGAACAGATTTAG-1,9
TACTGCAATCAATTAC-1,3
TACTGGACAGCTCGGC-1,2
TACTTGTTAGTAGTCC-1,8
TACTTTACTGAGCCGG-1,26
TACTTTCCGCACGCCA-1,9
TAGAAAGGTGGCGCTA-1,8
TAGACGCCCGTACCGG-1,8
TAGACTACCTAGCGTT-1,1
TAGAGATCATGCAACT-1,6
TAGAGCTACGAAGAAC-1,4
TAGAGGTTCTACTTGT-1,1
TAGAGTCTAAGCGAAC-1,12
TAGATATGGACTGGAA-1,14
TAGATGGTTCCTTACT-1,1
TAGATTCCTGGTTATT-1,2
TAGCAACCTGTCACAA-1,17
TAGCCATTTCAAAGTC-1,8
TAGCCGGCGGTCAGCG-1,8
TAGCGTCCCTCGATTG-1,5
TAGCGTCCGGTGTGGT-1,1
TAGCGTTGGGTCTTAC-1,8
TAGCTAAGTCCGGGAG-1,12
TAGCTAGAAGGCATGA-1,14
TAGCTCGCCTGATAAC-1,0
TAGGCATGTTACGCCA-1,0
TAGGGAGCTTGGGATG-1,5
TAGGGTGTTTCAAGAG-1,3
TAGGTCCAAGTAAGGA-1,11
TAGGTCGCCGGAACTG-1,26
TAGGTGACGATAACCT-1,1
TAGGTGAGCCCTACTC-1,18
TAGGTGCTCGCCTAGC-1,8
TAGGTTCGAGTTCGTC-1,8
TAGTACCTTAGTGGTC-1,7
TAGTCCGCAGAGAATG-1,13
TAGTCGATCACGGGTT-1,5
TAGTCTAACAACGAGA-1,6
TAGTCTGTGACGTTGC-1,3
TAGTGCCCTCCAGAGT-1,12
TAGTTAAGATAGGATA-1,4
TAGTTTATTCTTGCTT-1,4
TATAAATCCACAAGCT-1,2
TATAAGTGAGGATAGC-1,2
TATACACAGACGCCTT-1,0
TATACACGCAAAGTAT-1,17
TATACGCGTCATCACT-1,15
TATAGATGGTCGCAGT-1,5
TATAGGGTACTCATGA-1,2
TATATCCCTGGGAGGA-1,5
TATATTACAAATGTCG-1,11
TATCACCCAACCGACC-1,10
TATCACTTCGAGTAAC-1,11
TATCCAATTGGTTATC-1,1
TATCCATATCATGCGA-1,11
TATCCGCACCGTCGGG-1,15
TATCCTGCATGGGAAT-1,17
TATCGATCTATGCATA-1,18
TATCGATGATTAAACG-1,3
TATCTACAGAGGTAAT-1,2
TATCTACCACAGCGGG-1,0
TATCTAGCCTAAAGGA-1,20
TATGAAGACAGGTGCG-1,11
TATGATCCGGCACGCC-1,3
TATGATCTTCTCTTTA-1,1
TATGCTCCCTACTTAC-1,12
TATGGATGTGCTACGC-1,12
TATGGCCCGGCCTCGC-1,3
TATGGCTAGGCTAATT-1,2
TATGGGACCGAGCAGG-1,0
TATGGGTACGTATCGT-1,0
TATGGTCTGAGTAACA-1,0
TATGGTTAGTGGGAGA-1,5
TATGTCAAGACCGACT-1,3
TATGTCTCATTGTGCC-1,19
TATTAACCTGACCGCG-1,16
TATTACCATCCTGCTT-1,5
TATTCAATTCTAATCC-1,8
TATTCCACTCAGCTCG-1,0
TATTCCGAGCTGTTAT-1,1
TATTCCTCCGCCCACT-1,6
TATTCGTGCCAGAATA-1,22
TATTGACATTTCTGCC-1,7
TATTTAGTCTAGATCG-1,2
TATTTATACCGAGTAG-1,11
TATTTGTTACCCTTTA-1,3
TCAAACAACCGCGTCG-1,12
TCAAACTTAGATTGTT-1,22
TCAAATTTGAGACTCA-1,15
TCAACAAAGATAATTC-1,9
TCAACATAGCGCCCTA-1,9
TCAACATCGACCGAGA-1,9
TCAACCATGTTCGGGC-1,12
TCAACGAGGAGACAAA-1,0
TCAACGCAGGAAATAA-1,6
TCAACGCGACCGGCAG-1,18
TCAACTAACGTATAAC-1,11
TCAAGAAATACTAGCT-1,23
TCAAGGTTACTACACC-1,5
TCACAAACCGAGGTAC-1,1
TCACAGCAAACTCGAA-1,14
TCACAGGAGAATAAGA-1,21
TCACAGGGAATCGCAA-1,8
TCACAGGTTATTGGGC-1,12
TCACATCTTATCTGAT-1,11
TCACCCTCTTAAGATT-1,0
TCACCGCTCGGCACTC-1,26
TCACGATGTCCGTGGA-1,9
TCACGCATTGTAGATC-1,12
TCACGGTCATCGCACA-1,3
TCACGTGCCCGATTCA-1,22
TCACTACGACCAATGC-1,4
TCACTCGTGCAACGGC-1,17
TCAGAACCTCCACAGG-1,10
TCAGACGCTATAGAAG-1,13
TCAGCAAATGCATCTC-1,22
TCAGGGTGTAACGTAA-1,0
TCAGGTTCTTTGAGAA-1,12
TCAGTACTGACCCGCG-1,3
TCAGTAGGGACTATAA-1,14
TCAGTGTATACGTCAT-1,9
TCATACTTACAGATCC-1,4
TCATCACTCGAGCTCG-1,4
TCATCCCAGAGGGTGG-1,4
TCATCGATGGTCCCAA-1,9
TCATGCAGGTTCTCAT-1,3
TCATTTAAGTCTCCGA-1,5
TCCAACTTTAAATTCT-1,12
TCCACAATGGTTTACG-1,12
TCCACTTTATCTAGGT-1,5
TCCAGAGCACCGGTTC-1,8
TCCAGATGTACGCCAA-1,3
TCCAGGCGAGTACGGT-1,0
TCCATTCCCACTAGAG-1,7
TCCCAAACAGACAACG-1,3
TCCCAAAGACGAAGGA-1,12
TCCCACTCTCTTCCGG-1,10
TCCCAGCTTTAGTCTG-1,0
TCCCAGGCTTAGCTAA-1,12
TCCCGCGTACTCCTGG-1,12
TCCCGGGTGTGCTGCT-1,12
TCCCGTCAGTCCCGCA-1,0
TCCCGTCGCGTCATAG-1,2
TCCCGTGTGCAATTTG-1,8
TCCCTAGATCAATAGG-1,3
TCCCTGGCTCGCTGGA-1,18
TCCCTTAGATTACTCG-1,2
TCCGAACTTGGCTTAC-1,6
TCCGAAGTAGTCACCA-1,7
TCCGAATGGTCCTGAG-1,10
TCCGATAATTGCCATA-1,3
TCCGATGACTGAGCTC-1,18
TCCGATGGTGCGACAT-1,12
TCCGATTACATTGCCG-1,12
TCCGCCTGTCTACAAG-1,1
TCCGCGGCAGCATCTG-1,8
TCCGCGGCCCAATGAA-1,1
TCCGCTGTCATCCCGG-1,8
TCCGCTTATCCCATTA-1,0
TCCGGAGGAAGGGCTG-1,7
TCCGGCCTAGCGTACA-1,10
TCCGGTTCGTCCGGTC-1,14
TCCGTTAAGCTAATAT-1,1
TCCGTTTAGCCTTGAA-1,10
TCCTAAATTGGGAAGC-1,1
TCCTACATCCACGGCC-1,8
TCCTAGCAAAGAAGCT-1,12
TCCTCCTAAGACATTC-1,9
TCCTCGGGCTGGGCTT-1,8
TCCTCTACGAGATGGC-1,3
TCCTCTCCAGTTGTCC-1,11
TCCTCTGGCCCATTAG-1,7
TCCTGCCAACTGGAGA-1,7
TCCTGCGTTGATACTC-1,6
TCCTTACGACGGTCCG-1,5
TCCTTCAGTGGTCGAA-1,17
TCCTTTAAATCCGCTT-1,1
TCCTTTCTTACGCTTA-1,0
TCGAAATTTAGGACCA-1,12
TCGAAGAACCGAGCAC-1,5
TCGAATATCCCGCAGG-1,9
TCGAGACCAACACCGT-1,0
TCGAGCCAGGCAGGCC-1,6
TCGCAAAGATGCATTT-1,8
TCGCACCAGGAGGCAG-1,13
TCGCCGAAGTTGCGTC-1,6
TCGCCGACATATTCGC-1,28
TCGCCGGTCGATCCGT-1,3
TCGCGTAGCAGTGTCC-1,20
TCGCGTCCAGAAGGTC-1,18
TCGCTAAACCGCTATC-1,3
TCGCTCGATATATTCC-1,12
TCGCTCGGCACCAGCG-1,18
TCGCTGGGCGGATTGT-1,0
TCGCTGTGCGTAAATC-1,17
TCGCTTTAAACGTTTG-1,15
TCGGAATGCGCTCTGA-1,3
TCGGACGCCCAGCCCA-1,8
TCGGAGAGTATCGGGA-1,9
TCGGAGTACATGAGTA-1,22
TCGGCGAACCCAAACC-1,5
TCGGCTTGTATCGACG-1,1
TCGGGAACGTGCCTAG-1,10
TCGGGAGACAGCGTAC-1,1
TCGGGATTCAAACATA-1,9
TCGGGCCGTCGTGGTA-1,8
TCGGTCCCTGACTCCA-1,7
TCGGTGACCGCTCCGG-1,4
TCGTAAGACGACATTG-1,15
TCGTAAGCTCCGAGGA-1,4
TCGTATAGTGCAATTA-1,4
TCGTATTACCCATTGC-1,18
TCGTCAAGTACGCGCA-1,9
TCGTCACACTGTTAGC-1,11
TCGTCCGCTGGCGTCT-1,3
TCGTCTTAGGCGTTAA-1,13
TCGTGTACTATGGATG-1,20
TCGTGTCACGCTGACA-1,9
TCGTTAGGAGTCCCTA-1,14
TCGTTGCTATCCGGTC-1,21
TCTAATACTGCCTCAG-1,15
TCTACCGTCCACAAGC-1,12
TCTAGCAATCTCCGCC-1,6
TCTAGCATCTTCGATG-1,3
TCTAGCATGCCCAGAA-1,29
TCTAGGTGGCGACGCT-1,10
TCTAGTGATATCGTGG-1,5
TCTAGTTATCAGAAGA-1,0
TCTATCATGCAGTTAC-1,17
TCTATCGGTCGCAACA-1,18
TCTATTACTAGAGGAT-1,9
TCTCATGAGATAGGGT-1,5
TCTCCAACGTAGGTTA-1,3
TCTCCACAAGTTGAAT-1,28
TCTCCCTGGGCAGCGT-1,1
TCTCGAACGAGGTCAC-1,7
TCTCTAATAGCTGGTA-1,3
TCTGAACCGGTCGGCT-1,11
TCTGAACTCGTACCCG-1,5
TCTGAAGCACGTGGTC-1,13
TCTGAATTCCGTACAA-1,5
TCTGACGGGCTAACCC-1,2
TCTGATCGGGTGCTAG-1,15
TCTGATGTATTCTGTC-1,13
TCTGCCAGAAACTGCA-1,8
TCTGCGAATCGTTCGC-1,7
TCTGGGAACCTTTGAA-1,5
TCTGGGTAGCGCTCAT-1,6
TCTGTGCCATCATAGT-1,8
TCTGTTACCCAGCATA-1,6
TCTTACAGAGGTACCG-1,4
TCTTACCGGAACTCGT-1,3
TCTTACGGCATCCGAC-1,2
TCTTACTTATGCCTCT-1,8
TCTTAGAGCTCCAATT-1,1
TCTTAGAGTGAACTCT-1,5
TCTTCCCATGGGCACA-1,23
TCTTCGAATAGACGTT-1,8
TCTTCGATACCAATAA-1,22
TCTTCTATAACCCGCC-1,5
TCTTGATGCGTAGCGA-1,22
TCTTGGTAACACCAAA-1,3
TCTTTAAGACTATGAA-1,10
TCTTTAGCAGGCGAAC-1,15
TGAAACTTATGCAAGC-1,7
TGAAAGGACCTGACTC-1,8
TGAATACCGACGCGTA-1,15
TGAATATGCTATAAAC-1,4
TGAATGAGATACAGCA-1,7
TGAATGTCAGCCGGCC-1,5
TGACACTTCTCTTTGC-1,17
TGACATCGAGCGGACC-1,10
TGACCCACGTTAGACA-1,12
TGACGAATATTTCCCT-1,9
TGACGATGCACTAGAA-1,5
TGACTATAATCCTTTC-1,13
TGAGAATGCTTTACCG-1,2
TGAGAGATTTACCACG-1,5
TGAGATTAGGCCCTAA-1,11
TGAGCCATACAGTCTC-1,14
TGAGCGGAAAGTGTTC-1,21
TGAGCTTTAATGACGC-1,3
TGAGGAGTGCCAGCTT-1,15
TGAGTAAATTAGCGTA-1,0
TGAGTGCCTCTTAAAT-1,6
TGAGTGGTCCGTGACG-1,5
TGATACATTTAGCCGT-1,9
TGATAGCGGGATTCTA-1,15
TGATCAGGGAACTGCT-1,9
TGATCCCAGCATTAGT-1,10
TGATCGGTTTGACCCT-1,12
TGATCTACGCTGATCT-1,17
TGATCTCCGGCGCCAG-1,12
TGATGGCTGTTTCTGA-1,0
TGATTCGTCTATCACT-1,12
TGATTCTGTCGCCGGT-1,14
TGATTTATTAGCTGTG-1,12
TGATTTCCTCCTGACG-1,4
TGCAACCCATCTGCGG-1,1
TGCAAGAATGACGTAA-1,0
TGCAATCTAACACGGT-1,28
TGCAATTTGGGCACGG-1,4
TGCACAGTGAAGTTAT-1,7
TGCAGAACTATATCGT-1,9
TGCAGAGTACCGAGCA-1,13
TGCAGATCGTCCTAGG-1,9
TGCAGCTACGTACTTC-1,9
TGCAGGATCGGCAAAG-1,0
TGCAGTTTCCTCCCAT-1,8
TGCATATGTCTGTCAC-1,8
TGCATGGATCGGATCT-1,3
TGCATGTGGTAATCTA-1,0
TGCCAAAGTCAGACTT-1,9
TGCCAATGGGTACTCT-1,21
TGCCACCTGGCGAAAC-1,3
TGCCAGTACGTGGAGA-1,29
TGCCATTACTAAAGAA-1,3
TGCCCGTACCGTTAAA-1,8
TGCCGAAAGCGTATTC-1,10
TGCCGTGGATCGTCCT-1,21
TGCCTGATCAAACGAT-1,3
TGCCTTGGCCAGGCAA-1,13
TGCGACACCCTAGTGC-1,14
TGCGAGAATATTACCC-1,6
TGCGCAAAGCATTTGG-1,22
TGCGCGATTAACGGAG-1,12
TGCGGAGTAAAGGTGC-1,18
TGCGGCATAGTTCAAC-1,7
TGCGGTGAAATTTCAT-1,4
TGCGTAAGAACCTGAT-1,14
TGCGTCATGACTGAGC-1,9
TGCGTTTGTTGACACT-1,8
TGCTAAGTGTCTATTT-1,13
TGCTCCACAGTTCTTA-1,8
TGCTCGGCGAAACCCA-1,21
TGCTGGTTGGACAATT-1,2
TGCTGTTGAAGAACTC-1,8
TGGAACCACTGACACA-1,18
TGGAAGAAGGGAACGT-1,6
TGGAAGACGAACACCA-1,4
TGGAAGGATAAAGATG-1,3
TGGAATATCCTTGACC-1,3
TGGAATTAGACGCTTT-1,11
TGGACCAATCTAAGAT-1,1
TGGACTGTTCGCTCAA-1,8
TGGAGGGAAACACCTC-1,2
TGGAGTGATGCGATGA-1,12
TGGCAAACTAAATTAC-1,13
TGGCAACTCGCGCGCC-1,18
TGGCAGATTACGATCA-1,0
TGGCAGCAGTAATAGT-1,22
TGGCCAAACTGAAGTA-1,0
TGGCCGTATATTGACC-1,3
TGGCGACTGCTCCAAA-1,16
TGGCGATCAAGTTATG-1,14
TGGCTATGTGACATAC-1,28
TGGCTTGTACAAGCTT-1,4
TGGCTTTGGGTAGACA-1,2
TGGGAAATGCCTTTCC-1,17
TGGGATGCACTCATTC-1,7
TGGGCAATAGTTGGGT-1,5
TGGGCACGTTCTATGG-1,11
TGGGCCACAAGAGCGC-1,3
TGGGCCCATACTAATT-1,8
TGGGTAAGGTTCCCGC-1,4
TGGTAGAATATATGGG-1,5
TGGTCCCACGCTACGG-1,1
TGGTCTGTTGGGCGTA-1,18
TGGTGATCGTATTTGT-1,4
TGGTTAAGGGCGCTGG-1,3
TGGTTCAACGGGTAAT-1,13
TGGTTCGTAGCAAAGG-1,18
TGGTTTAAACGTGGGT-1,3
TGTAATGACCACAATA-1,7
TGTACCTACACGAGGG-1,1
TGTACGAACAAATCCG-1,0
TGTACTACTCTCACGG-1,2
TGTAGGAGAAATTTCC-1,19
TGTAGTGATCTATAAT-1,12
TGTATAACAGATCCTG-1,0
TGTATGGCGCAGACAG-1,5
TGTCATTTGTTGGGAA-1,2
TGTCCGTGGCGCCTTT-1,11
TGTCCTAAGTCACCGC-1,18
TGTGACTACGCCAGTC-1,3
TGTGCCGGTGCCGGAA-1,1
TGTGCTTTACGTAAGA-1,9
TGTGGCAAAGCGTATG-1,0
TGTGTCGCGAGTTGCA-1,3
TGTGTTCGTATCCAAG-1,2
TGTTATTGTATGTGGC-1,8
TGTTCCGCTTCCATGA-1,12
TGTTCGTATTGCGGTG-1,0
TGTTCTTCCATTGACT-1,12
TGTTGTCAAGAAGTCT-1,15
TGTTTCGGTACTTCTC-1,2
TTAAACTCGAATTCAT-1,26
TTAACACCTCGAACAT-1,17
TTAACCAACCCTCCCT-1,3
TTAACGAACAAGCAGT-1,3
TTAACTCACGCGTGGA-1,7
TTAACTTCAGGTAGGA-1,6
TTAAGATAGGATTGAC-1,5
TTAAGCCGACAACTTC-1,4
TTAAGCGCCTGACCCA-1,12
TTAAGTATTGTTATCC-1,28
TTAATCAGTACGTCAG-1,3
TTAATGTAGACCAGGT-1,0
TTAATTGCTTTGGGTG-1,1
TTAATTTCAGACGCGG-1,2
TTACAACTACGCATCC-1,18
TTACAGACCTAAATGA-1,26
TTACATCGTGGCCTGG-1,17
TTACATGCCACAACTA-1,5
TTACCATTGATTACCC-1,18
TTACCCATTGCCGGGT-1,2
TTACCCTAACAGTCCT-1,17
TTACGGATGGTTCGAG-1,5
TTACTAAAGGACTTTA-1,13
TTACTATCGGCTTCTC-1,9
TTACTCCGGCCGGGAA-1,8
TTACTCTGGTACGTAC-1,6
TTACTGGGATATTTCA-1,0
TTACTGTCTAGAGCTC-1,11
TTAGAAGAACATGACT-1,0
TTAGACACGATCGTTG-1,11
TTAGACGAGTCACCTC-1,19
TTAGAGTTTAGAAGGA-1,8
TTAGCAACATGGATGT-1,4
TTAGCTAATACGATCT-1,3
TTAGCTCTGTAATCCG-1,7
TTAGCTGATTTGCCGT-1,5
TTAGGTCATAACCGAC-1,9
TTAGTAAACCTGCTCT-1,28
TTAGTAGGGCGGCGGG-1,18
TTAGTTATTCGTGGCA-1,8
TTAGTTCAAGTGTTCG-1,3
TTATAGGTAATTGTCT-1,1
TTATATACGCTGTCAC-1,8
TTATATTTGGCAATCC-1,12
TTATCCGGGATCTATA-1,13
TTATCCTCAAGGAATA-1,20
TTATCGCCTGCGAAGC-1,4
TTATCTGTATCATAAC-1,3
TTATGAATGAAAGGGA-1,8
TTATGACAAACTGGAT-1,3
TTATGATCTTAACGAA-1,8
TTATGTTTGCGATAGA-1,11
TTATTAGAGCGTGTTC-1,13
TTATTAGGGAAGCATC-1,17
TTCAAAGTCTCTAGCC-1,8
TTCAACGACCCGACCG-1,3
TTCAAGCCGAGCTGAG-1,4
TTCAATACTCTGAATC-1,8
TTCACGAAAGGATCAC-1,0
TTCACTCGAGCACCTA-1,0
TTCAGCCCTGGTCCAC-1,8
TTCAGCTGGCGTGCCC-1,1
TTCAGGCGTCAAAGCC-1,9
TTCATGGCGCAACAGG-1,3
TTCCAATCAGAGCTAG-1,18
TTCCAATCTGGCTATC-1,14
TTCCACACAGATTTGA-1,14
TTCCAGACGAGATTTA-1,27
TTCCATCATGCGGTGA-1,4
TTCCGCAGAGAAATAT-1,3
TTCCGCGTGAGGCGAT-1,29
TTCCGGCCTTGAGGCT-1,21
TTCCGGTATCTGTGTC-1,1
TTCCGGTTACCCACTT-1,8
TTCCTCGAGGGTGTCT-1,3
TTCCTCGGACTAACCA-1,13
TTCCTCTGCCCGAATA-1,9
TTCGACAGAGCCCGTG-1,29
TTCGACGGGAAGGGCG-1,3
TTCGCACTCGCGTGCT-1,18
TTCGCGCGCCATACGA-1,15
TTCGCTATCTGACGTG-1,2
TTCGGCAACCCGCTGA-1,11
TTCGGCTAGAGATGGT-1,7
TTCGGGACTAATCGCG-1,8
TTCGGGCGCTAGTCTT-1,9
TTCGTAATCCCAGCGG-1,4
TTCGTACTCCAGAACG-1,3
TTCGTTCAACGAAGTT-1,3
TTCTAACCGAAGCTTA-1,19
TTCTACTTGCGAGGGC-1,11
TTCTAGGCCAATTGTG-1,3
TTCTATGCCTTTCGCA-1,2
TTCTGACCGGGCTCAA-1,13
TTCTGCCGCGCCTAGA-1,29
TTCTGCGAGCGCCCTT-1,9
TTCTGCGGGTTAGCGG-1,8
TTCTGCTAGACTCCAA-1,26
TTCTTAGTGAACGGTG-1,4
TTCTTAGTGGCTCAGA-1,2
TTCTTATCCGCTGGGT-1,5
TTCTTGAGCCGCGCTA-1,6
TTCTTGCTAGCATCTC-1,27
TTCTTGGACGATCTGC-1,6
TTCTTGGAGTAATGAG-1,3
TTCTTGTAACCTAATG-1,2
TTCTTTGGTCGCGACG-1,18
TTGAAAGGTGTAAAGG-1,7
TTGAACGACGTGCTGA-1,28
TTGAAGAATTCCCAGG-1,12
TTGAATATGGACTTTC-1,8
TTGAATTCACGTGAGG-1,5
TTGACAGGAGCTCCCG-1,8
TTGACATGAACGTGGA-1,6
TTGACCAGGAACAACT-1,1
TTGACCATGTTCTCCG-1,0
TTGACCGTGTTAATGA-1,6
TTGACGCTCCATGAGC-1,5
TTGACTACCATATGGT-1,14
TTGACTATTGTCCGGC-1,5
TTGAGAAGTTTAGCAT-1,1
TTGAGAGTACTGCTAA-1,6
TTGATAGTCAATACAT-1,2
TTGATCTAACTTTGTC-1,12
TTGATGTGTAGTCCCG-1,0
TTGATTAGCTGTTTCT-1,6
TTGATTATGCAGATGA-1,3
TTGCACAATTCAGAAA-1,0
TTGCACGGAGCAGCAC-1,3
TTGCATGCTGATCACG-1,6
TTGCCATAGCCCGCTC-1,9
TTGCCCTGATCACGGG-1,12
TTGCCGCTTTCTAGTA-1,1
TTGCGGCATCAGAAAG-1,21
TTGCGTAGTTTGAGGA-1,11
TTGCGTCGGCCAACCG-1,6
TTGCGTGAACGCTTAG-1,4
TTGCTCCCATACCGGA-1,18
TTGCTGAAGGAACCAC-1,3
TTGCTGATCATGTTCG-1,0
TTGCTGCACCTATCCA-1,4
TTGGAAGAATACAGTC-1,9
TTGGACATGTGGCTTA-1,6
TTGGACCATCTGGCAA-1,5
TTGGACCTATAACAGT-1,1
TTGGATATCGTCTACG-1,14
TTGGATCGACTTCTGG-1,7
TTGGATTGGGTACCAC-1,2
TTGGCCTAGAATTTCG-1,11
TTGGCTCGCATGAGAC-1,3
TTGGGACACTGCCCGC-1,15
TTGGGCGGCGGTTGCC-1,0
TTGGTATGGCTTGTGT-1,10
TTGGTCACACTCGTAA-1,14
TTGGTTGCGGTGCGCG-1,9
TTGTAAGGACCTAAGT-1,6
TTGTAAGGCCAGTTGG-1,0
TTGTAATCCGTACTCG-1,0
TTGTATCACACAGAAT-1,4
TTGTCGTTCAGTTACC-1,3
TTGTGAACCTAATCCG-1,13
TTGTGCAGCCACGTCA-1,13
TTGTGGCCCTGACAGT-1,3
TTGTGGTAGGAGGGAT-1,6
TTGTGTATGCCACCAA-1,21
TTGTGTTTCCCGAAAG-1,0
TTGTTAGCAAATTCGA-1,3
TTGTTCAGTGTGCTAC-1,12
TTGTTGTGTGTCAAGA-1,5
TTGTTTCACATCCAGG-1,9
TTGTTTCCATACAACT-1,6
